household_id,date,selection_order
1137376,2019-05-21 00:00:00+00:00,0
1137376,2019-05-22 00:00:00+00:00,1
1137376,2019-05-23 00:00:00+00:00,2
1137376,2019-05-24 00:00:00+00:00,3
1137376,2019-05-25 00:00:00+00:00,4
1137376,2019-05-26 00:00:00+00:00,5
1137376,2019-05-27 00:00:00+00:00,6
1137376,2019-05-28 00:00:00+00:00,7
1137376,2019-05-29 00:00:00+00:00,8
1137376,2019-05-30 00:00:00+00:00,9
1137376,2019-05-31 00:00:00+00:00,10
1137376,2019-06-01 00:00:00+00:00,11
1137376,2019-06-02 00:00:00+00:00,12
1137376,2019-06-03 00:00:00+00:00,13
1137376,2019-06-04 00:00:00+00:00,14
1137376,2019-06-05 00:00:00+00:00,15
1137376,2019-06-06 00:00:00+00:00,16
1137376,2019-06-07 00:00:00+00:00,17
1137376,2019-06-08 00:00:00+00:00,18
1137376,2019-06-09 00:00:00+00:00,19
1137376,2019-06-10 00:00:00+00:00,20
1137376,2019-06-11 00:00:00+00:00,21
1137376,2019-06-12 00:00:00+00:00,22
1137376,2019-06-13 00:00:00+00:00,23
1137376,2019-06-14 00:00:00+00:00,24
1137376,2019-06-15 00:00:00+00:00,25
1137376,2019-06-16 00:00:00+00:00,26
1137376,2019-06-17 00:00:00+00:00,27
1137376,2019-06-18 00:00:00+00:00,28
1137376,2019-06-19 00:00:00+00:00,29
1137376,2019-06-20 00:00:00+00:00,30
1137376,2019-06-21 00:00:00+00:00,31
1137376,2019-06-22 00:00:00+00:00,32
1137376,2019-06-23 00:00:00+00:00,33
1137376,2019-06-24 00:00:00+00:00,34
1137376,2019-06-25 00:00:00+00:00,35
1137376,2019-06-26 00:00:00+00:00,36
1137376,2019-06-27 00:00:00+00:00,37
1137376,2019-06-28 00:00:00+00:00,38
1137376,2019-06-29 00:00:00+00:00,39
1137376,2019-06-30 00:00:00+00:00,40
1137376,2019-07-01 00:00:00+00:00,41
1137376,2019-07-02 00:00:00+00:00,42
1137376,2019-07-03 00:00:00+00:00,43
1137376,2019-07-04 00:00:00+00:00,44
1137376,2019-07-05 00:00:00+00:00,45
1137376,2019-07-06 00:00:00+00:00,46
1137376,2019-07-07 00:00:00+00:00,47
1137376,2019-07-08 00:00:00+00:00,48
1137376,2019-07-09 00:00:00+00:00,49
1137376,2019-07-10 00:00:00+00:00,50
1137376,2019-07-11 00:00:00+00:00,51
1137376,2019-07-12 00:00:00+00:00,52
1137376,2019-07-13 00:00:00+00:00,53
1137376,2019-07-14 00:00:00+00:00,54
1137376,2019-07-15 00:00:00+00:00,55
1137376,2019-07-16 00:00:00+00:00,56
1137376,2019-07-17 00:00:00+00:00,57
1137376,2019-07-18 00:00:00+00:00,58
1137376,2019-07-19 00:00:00+00:00,59
1137376,2019-07-20 00:00:00+00:00,60
1137376,2019-07-21 00:00:00+00:00,61
1137376,2019-07-22 00:00:00+00:00,62
1137376,2019-07-23 00:00:00+00:00,63
1137376,2019-07-24 00:00:00+00:00,64
1137376,2019-07-25 00:00:00+00:00,65
1137376,2019-07-26 00:00:00+00:00,66
1137376,2019-07-27 00:00:00+00:00,67
1137376,2019-07-28 00:00:00+00:00,68
1137376,2019-07-29 00:00:00+00:00,69
1137376,2019-07-30 00:00:00+00:00,70
1137376,2019-07-31 00:00:00+00:00,71
1137376,2019-08-01 00:00:00+00:00,72
1137376,2019-08-02 00:00:00+00:00,73
1137376,2019-08-03 00:00:00+00:00,74
1137376,2019-08-04 00:00:00+00:00,75
1137376,2019-08-05 00:00:00+00:00,76
1137376,2019-08-06 00:00:00+00:00,77
1137376,2019-08-07 00:00:00+00:00,78
1137376,2019-08-08 00:00:00+00:00,79
1137376,2019-08-09 00:00:00+00:00,80
1137376,2019-08-10 00:00:00+00:00,81
1137376,2019-08-11 00:00:00+00:00,82
1137376,2019-08-12 00:00:00+00:00,83
1137376,2019-08-13 00:00:00+00:00,84
1137376,2019-08-14 00:00:00+00:00,85
1137376,2019-08-15 00:00:00+00:00,86
1137376,2019-08-16 00:00:00+00:00,87
1137376,2019-08-17 00:00:00+00:00,88
1137376,2019-08-18 00:00:00+00:00,89
1137376,2019-08-19 00:00:00+00:00,90
1137376,2019-08-20 00:00:00+00:00,91
1137376,2019-08-21 00:00:00+00:00,92
1137376,2019-08-22 00:00:00+00:00,93
1137376,2019-08-23 00:00:00+00:00,94
1137376,2019-08-24 00:00:00+00:00,95
1137376,2019-08-25 00:00:00+00:00,96
1137376,2019-08-26 00:00:00+00:00,97
1137376,2019-08-27 00:00:00+00:00,98
1137376,2019-08-28 00:00:00+00:00,99
1137376,2019-08-29 00:00:00+00:00,100
1137376,2019-08-30 00:00:00+00:00,101
1137376,2019-08-31 00:00:00+00:00,102
1137376,2019-09-01 00:00:00+00:00,103
1137376,2019-09-02 00:00:00+00:00,104
1137376,2019-09-03 00:00:00+00:00,105
1137376,2019-09-04 00:00:00+00:00,106
1137376,2019-09-05 00:00:00+00:00,107
1137376,2019-09-06 00:00:00+00:00,108
1137376,2019-09-07 00:00:00+00:00,109
1137376,2019-09-08 00:00:00+00:00,110
1137376,2019-09-09 00:00:00+00:00,111
1137376,2019-09-10 00:00:00+00:00,112
1137376,2019-09-11 00:00:00+00:00,113
1137376,2019-09-12 00:00:00+00:00,114
1137376,2019-09-13 00:00:00+00:00,115
1137376,2019-09-14 00:00:00+00:00,116
1137376,2019-09-15 00:00:00+00:00,117
1137376,2019-09-16 00:00:00+00:00,118
1137376,2019-09-17 00:00:00+00:00,119
1137376,2019-09-18 00:00:00+00:00,120
1137376,2019-09-19 00:00:00+00:00,121
1137376,2019-09-20 00:00:00+00:00,122
1137376,2019-09-21 00:00:00+00:00,123
1137376,2019-09-22 00:00:00+00:00,124
1137376,2019-09-23 00:00:00+00:00,125
1137376,2019-09-24 00:00:00+00:00,126
1137376,2019-09-25 00:00:00+00:00,127
1137376,2019-09-26 00:00:00+00:00,128
1137376,2019-09-27 00:00:00+00:00,129
1137376,2019-09-28 00:00:00+00:00,130
1137376,2019-09-29 00:00:00+00:00,131
1137376,2019-09-30 00:00:00+00:00,132
1137376,2019-10-01 00:00:00+00:00,133
1137376,2019-10-02 00:00:00+00:00,134
1137376,2019-10-03 00:00:00+00:00,135
1137376,2019-10-04 00:00:00+00:00,136
1137376,2019-10-05 00:00:00+00:00,137
1137376,2019-10-06 00:00:00+00:00,138
1137376,2019-10-07 00:00:00+00:00,139
1137376,2019-10-08 00:00:00+00:00,140
1137376,2019-10-09 00:00:00+00:00,141
1137376,2019-10-10 00:00:00+00:00,142
1137376,2019-10-11 00:00:00+00:00,143
1137376,2019-10-12 00:00:00+00:00,144
1137376,2019-10-13 00:00:00+00:00,145
1137376,2019-10-14 00:00:00+00:00,146
1137376,2019-10-15 00:00:00+00:00,147
1137376,2019-10-16 00:00:00+00:00,148
1137376,2019-10-17 00:00:00+00:00,149
1137376,2019-10-18 00:00:00+00:00,150
1137376,2019-10-19 00:00:00+00:00,151
1137376,2019-10-20 00:00:00+00:00,152
1137376,2019-10-21 00:00:00+00:00,153
1137376,2019-10-22 00:00:00+00:00,154
1137376,2019-10-23 00:00:00+00:00,155
1137376,2019-10-24 00:00:00+00:00,156
1137376,2019-10-25 00:00:00+00:00,157
1137376,2019-10-26 00:00:00+00:00,158
1137376,2019-10-29 00:00:00+00:00,159
1137376,2019-10-30 00:00:00+00:00,160
1137376,2019-10-31 00:00:00+00:00,161
1137376,2019-11-01 00:00:00+00:00,162
1137376,2019-11-02 00:00:00+00:00,163
1137376,2019-11-03 00:00:00+00:00,164
1137376,2019-11-04 00:00:00+00:00,165
1137376,2019-11-05 00:00:00+00:00,166
1137376,2019-11-06 00:00:00+00:00,167
1137376,2019-11-07 00:00:00+00:00,168
1137376,2019-11-08 00:00:00+00:00,169
1137376,2019-11-09 00:00:00+00:00,170
1137376,2019-11-10 00:00:00+00:00,171
1137376,2019-11-11 00:00:00+00:00,172
1137376,2019-11-12 00:00:00+00:00,173
1137376,2019-11-13 00:00:00+00:00,174
120912,2019-11-13 00:00:00+00:00,175
1137376,2019-11-14 00:00:00+00:00,176
120912,2019-11-14 00:00:00+00:00,177
120912,2019-11-15 00:00:00+00:00,178
1137376,2019-11-15 00:00:00+00:00,179
120912,2019-11-16 00:00:00+00:00,180
1137376,2019-11-16 00:00:00+00:00,181
120912,2019-11-17 00:00:00+00:00,182
1137376,2019-11-17 00:00:00+00:00,183
120912,2019-11-18 00:00:00+00:00,184
1137376,2019-11-18 00:00:00+00:00,185
120912,2019-11-19 00:00:00+00:00,186
1137376,2019-11-19 00:00:00+00:00,187
120912,2019-11-20 00:00:00+00:00,188
1137376,2019-11-20 00:00:00+00:00,189
120912,2019-11-21 00:00:00+00:00,190
1137376,2019-11-21 00:00:00+00:00,191
1137376,2019-11-22 00:00:00+00:00,192
120912,2019-11-22 00:00:00+00:00,193
1137376,2019-11-23 00:00:00+00:00,194
120912,2019-11-23 00:00:00+00:00,195
120912,2019-11-24 00:00:00+00:00,196
1137376,2019-11-24 00:00:00+00:00,197
120912,2019-11-25 00:00:00+00:00,198
1137376,2019-11-25 00:00:00+00:00,199
1137376,2019-11-26 00:00:00+00:00,200
120912,2019-11-26 00:00:00+00:00,201
120912,2019-11-27 00:00:00+00:00,202
1137376,2019-11-27 00:00:00+00:00,203
120912,2019-11-28 00:00:00+00:00,204
1137376,2019-11-28 00:00:00+00:00,205
1137376,2019-11-29 00:00:00+00:00,206
120912,2019-11-29 00:00:00+00:00,207
120912,2019-11-30 00:00:00+00:00,208
1137376,2019-11-30 00:00:00+00:00,209
1137376,2019-12-01 00:00:00+00:00,210
120912,2019-12-01 00:00:00+00:00,211
1137376,2019-12-02 00:00:00+00:00,212
120912,2019-12-02 00:00:00+00:00,213
1137376,2019-12-03 00:00:00+00:00,214
120912,2019-12-03 00:00:00+00:00,215
1137376,2019-12-04 00:00:00+00:00,216
120912,2019-12-04 00:00:00+00:00,217
1137376,2019-12-05 00:00:00+00:00,218
120912,2019-12-05 00:00:00+00:00,219
1137376,2019-12-06 00:00:00+00:00,220
120912,2019-12-06 00:00:00+00:00,221
120912,2019-12-07 00:00:00+00:00,222
1137376,2019-12-07 00:00:00+00:00,223
1137376,2019-12-08 00:00:00+00:00,224
120912,2019-12-08 00:00:00+00:00,225
120912,2019-12-09 00:00:00+00:00,226
1137376,2019-12-09 00:00:00+00:00,227
120912,2019-12-10 00:00:00+00:00,228
1137376,2019-12-10 00:00:00+00:00,229
1137376,2019-12-11 00:00:00+00:00,230
120912,2019-12-11 00:00:00+00:00,231
120912,2019-12-12 00:00:00+00:00,232
1137376,2019-12-12 00:00:00+00:00,233
120912,2019-12-13 00:00:00+00:00,234
1137376,2019-12-13 00:00:00+00:00,235
120912,2019-12-14 00:00:00+00:00,236
1137376,2019-12-14 00:00:00+00:00,237
1137376,2019-12-15 00:00:00+00:00,238
120912,2019-12-15 00:00:00+00:00,239
120912,2019-12-16 00:00:00+00:00,240
1137376,2019-12-16 00:00:00+00:00,241
120912,2019-12-17 00:00:00+00:00,242
1137376,2019-12-17 00:00:00+00:00,243
120912,2019-12-18 00:00:00+00:00,244
1137376,2019-12-18 00:00:00+00:00,245
1137376,2019-12-19 00:00:00+00:00,246
120912,2019-12-19 00:00:00+00:00,247
1137376,2019-12-20 00:00:00+00:00,248
1137376,2019-12-21 00:00:00+00:00,249
1137376,2019-12-22 00:00:00+00:00,250
1137376,2019-12-23 00:00:00+00:00,251
1137376,2019-12-24 00:00:00+00:00,252
1137376,2019-12-25 00:00:00+00:00,253
1137376,2019-12-26 00:00:00+00:00,254
1137376,2019-12-27 00:00:00+00:00,255
1137376,2019-12-28 00:00:00+00:00,256
1137376,2019-12-29 00:00:00+00:00,257
1137376,2019-12-30 00:00:00+00:00,258
1137376,2019-12-31 00:00:00+00:00,259
1137376,2020-01-01 00:00:00+00:00,260
1137376,2020-01-02 00:00:00+00:00,261
1137376,2020-01-03 00:00:00+00:00,262
1137376,2020-01-04 00:00:00+00:00,263
1137376,2020-01-05 00:00:00+00:00,264
1137376,2020-01-06 00:00:00+00:00,265
1137376,2020-01-07 00:00:00+00:00,266
1137376,2020-01-08 00:00:00+00:00,267
1137376,2020-01-09 00:00:00+00:00,268
1137376,2020-01-10 00:00:00+00:00,269
1137376,2020-01-11 00:00:00+00:00,270
1137376,2020-01-12 00:00:00+00:00,271
1137376,2020-01-13 00:00:00+00:00,272
1137376,2020-01-14 00:00:00+00:00,273
1137376,2020-01-15 00:00:00+00:00,274
1137376,2020-01-16 00:00:00+00:00,275
1137376,2020-01-17 00:00:00+00:00,276
1137376,2020-01-18 00:00:00+00:00,277
1137376,2020-01-19 00:00:00+00:00,278
1137376,2020-01-20 00:00:00+00:00,279
1137376,2020-01-21 00:00:00+00:00,280
1137376,2020-01-22 00:00:00+00:00,281
1137376,2020-01-23 00:00:00+00:00,282
1137376,2020-01-24 00:00:00+00:00,283
1137376,2020-01-25 00:00:00+00:00,284
1137376,2020-01-26 00:00:00+00:00,285
1137376,2020-01-27 00:00:00+00:00,286
1137376,2020-01-28 00:00:00+00:00,287
1137376,2020-01-29 00:00:00+00:00,288
1137376,2020-01-30 00:00:00+00:00,289
1137376,2020-01-31 00:00:00+00:00,290
1137376,2020-02-01 00:00:00+00:00,291
1137376,2020-02-02 00:00:00+00:00,292
1137376,2020-02-03 00:00:00+00:00,293
1137376,2020-02-04 00:00:00+00:00,294
1137376,2020-02-05 00:00:00+00:00,295
1137376,2020-02-06 00:00:00+00:00,296
1137376,2020-02-07 00:00:00+00:00,297
1137376,2020-02-08 00:00:00+00:00,298
1137376,2020-02-09 00:00:00+00:00,299
1137376,2020-02-10 00:00:00+00:00,300
1137376,2020-02-11 00:00:00+00:00,301
1137376,2020-02-12 00:00:00+00:00,302
1137376,2020-02-13 00:00:00+00:00,303
1137376,2020-02-14 00:00:00+00:00,304
1137376,2020-02-15 00:00:00+00:00,305
1137376,2020-02-16 00:00:00+00:00,306
1137376,2020-02-17 00:00:00+00:00,307
1137376,2020-02-18 00:00:00+00:00,308
1137376,2020-02-19 00:00:00+00:00,309
1137376,2020-02-20 00:00:00+00:00,310
1137376,2020-02-21 00:00:00+00:00,311
1137376,2020-02-22 00:00:00+00:00,312
1137376,2020-02-23 00:00:00+00:00,313
1137376,2020-02-24 00:00:00+00:00,314
1137376,2020-02-25 00:00:00+00:00,315
1137376,2020-02-26 00:00:00+00:00,316
1137376,2020-02-27 00:00:00+00:00,317
1137376,2020-02-28 00:00:00+00:00,318
1137376,2020-02-29 00:00:00+00:00,319
1137376,2020-03-01 00:00:00+00:00,320
1137376,2020-03-02 00:00:00+00:00,321
1137376,2020-03-03 00:00:00+00:00,322
1137376,2020-03-04 00:00:00+00:00,323
1137376,2020-03-05 00:00:00+00:00,324
1137376,2020-03-06 00:00:00+00:00,325
1137376,2020-03-07 00:00:00+00:00,326
1137376,2020-03-08 00:00:00+00:00,327
1137376,2020-03-09 00:00:00+00:00,328
1137376,2020-03-10 00:00:00+00:00,329
1137376,2020-03-11 00:00:00+00:00,330
1137376,2020-03-12 00:00:00+00:00,331
1137376,2020-03-13 00:00:00+00:00,332
1137376,2020-03-14 00:00:00+00:00,333
1137376,2020-03-15 00:00:00+00:00,334
1137376,2020-03-16 00:00:00+00:00,335
1137376,2020-03-17 00:00:00+00:00,336
1137376,2020-03-18 00:00:00+00:00,337
1137376,2020-03-19 00:00:00+00:00,338
1137376,2020-03-20 00:00:00+00:00,339
1137376,2020-03-21 00:00:00+00:00,340
1137376,2020-03-22 00:00:00+00:00,341
1137376,2020-03-23 00:00:00+00:00,342
1137376,2020-03-24 00:00:00+00:00,343
1137376,2020-03-25 00:00:00+00:00,344
1137376,2020-03-26 00:00:00+00:00,345
1137376,2020-03-27 00:00:00+00:00,346
1137376,2020-03-28 00:00:00+00:00,347
1137376,2020-03-29 00:00:00+00:00,348
1137376,2020-03-30 00:00:00+00:00,349
1137376,2020-03-31 00:00:00+00:00,350
1137376,2020-04-01 00:00:00+00:00,351
1137376,2020-04-02 00:00:00+00:00,352
1137376,2020-04-03 00:00:00+00:00,353
1137376,2020-04-04 00:00:00+00:00,354
1137376,2020-04-05 00:00:00+00:00,355
1137376,2020-04-06 00:00:00+00:00,356
1137376,2020-04-07 00:00:00+00:00,357
1137376,2020-04-08 00:00:00+00:00,358
1137376,2020-04-09 00:00:00+00:00,359
1137376,2020-04-10 00:00:00+00:00,360
1137376,2020-04-11 00:00:00+00:00,361
1137376,2020-04-12 00:00:00+00:00,362
1137376,2020-04-13 00:00:00+00:00,363
1137376,2020-04-14 00:00:00+00:00,364
1137376,2020-04-15 00:00:00+00:00,365
1137376,2020-04-16 00:00:00+00:00,366
1137376,2020-04-17 00:00:00+00:00,367
1137376,2020-04-18 00:00:00+00:00,368
1137376,2020-04-19 00:00:00+00:00,369
1137376,2020-04-20 00:00:00+00:00,370
1137376,2020-04-21 00:00:00+00:00,371
1137376,2020-04-22 00:00:00+00:00,372
1137376,2020-04-23 00:00:00+00:00,373
1137376,2020-04-24 00:00:00+00:00,374
1137376,2020-04-25 00:00:00+00:00,375
1137376,2020-04-26 00:00:00+00:00,376
1137376,2020-04-27 00:00:00+00:00,377
1137376,2020-04-28 00:00:00+00:00,378
1137376,2020-04-29 00:00:00+00:00,379
1137376,2020-04-30 00:00:00+00:00,380
1137376,2020-05-01 00:00:00+00:00,381
1137376,2020-05-02 00:00:00+00:00,382
1137376,2020-05-03 00:00:00+00:00,383
1137376,2020-05-04 00:00:00+00:00,384
1137376,2020-05-05 00:00:00+00:00,385
1137376,2020-05-06 00:00:00+00:00,386
1137376,2020-05-07 00:00:00+00:00,387
1137376,2020-05-08 00:00:00+00:00,388
1137376,2020-05-09 00:00:00+00:00,389
1137376,2020-05-10 00:00:00+00:00,390
1137376,2020-05-11 00:00:00+00:00,391
1137376,2020-05-12 00:00:00+00:00,392
1137376,2020-05-13 00:00:00+00:00,393
1137376,2020-05-14 00:00:00+00:00,394
1137376,2020-05-15 00:00:00+00:00,395
1137376,2020-05-16 00:00:00+00:00,396
1137376,2020-05-17 00:00:00+00:00,397
1137376,2020-05-18 00:00:00+00:00,398
1137376,2020-05-19 00:00:00+00:00,399
1137376,2020-05-20 00:00:00+00:00,400
1137376,2020-05-21 00:00:00+00:00,401
1137376,2020-05-22 00:00:00+00:00,402
1137376,2020-05-23 00:00:00+00:00,403
1137376,2020-05-24 00:00:00+00:00,404
1137376,2020-05-25 00:00:00+00:00,405
1137376,2020-05-26 00:00:00+00:00,406
1137376,2020-05-27 00:00:00+00:00,407
1137376,2020-05-28 00:00:00+00:00,408
1137376,2020-05-29 00:00:00+00:00,409
1137376,2020-05-30 00:00:00+00:00,410
1137376,2020-05-31 00:00:00+00:00,411
1137376,2020-06-01 00:00:00+00:00,412
1137376,2020-06-02 00:00:00+00:00,413
1137376,2020-06-03 00:00:00+00:00,414
1137376,2020-06-04 00:00:00+00:00,415
1137376,2020-06-05 00:00:00+00:00,416
1137376,2020-06-06 00:00:00+00:00,417
1137376,2020-06-07 00:00:00+00:00,418
1137376,2020-06-08 00:00:00+00:00,419
1137376,2020-06-09 00:00:00+00:00,420
1137376,2020-06-10 00:00:00+00:00,421
1137376,2020-06-11 00:00:00+00:00,422
1137376,2020-06-12 00:00:00+00:00,423
1137376,2020-06-13 00:00:00+00:00,424
1137376,2020-06-14 00:00:00+00:00,425
1137376,2020-06-15 00:00:00+00:00,426
1137376,2020-06-16 00:00:00+00:00,427
1137376,2020-06-17 00:00:00+00:00,428
1137376,2020-06-18 00:00:00+00:00,429
1137376,2020-06-19 00:00:00+00:00,430
1137376,2020-06-20 00:00:00+00:00,431
1137376,2020-06-21 00:00:00+00:00,432
1137376,2020-06-22 00:00:00+00:00,433
1137376,2020-06-23 00:00:00+00:00,434
1137376,2020-06-24 00:00:00+00:00,435
1137376,2020-06-25 00:00:00+00:00,436
1137376,2020-06-26 00:00:00+00:00,437
1137376,2020-06-27 00:00:00+00:00,438
1137376,2020-06-28 00:00:00+00:00,439
1137376,2020-06-29 00:00:00+00:00,440
1137376,2020-06-30 00:00:00+00:00,441
1137376,2020-07-01 00:00:00+00:00,442
1137376,2020-07-02 00:00:00+00:00,443
1137376,2020-07-03 00:00:00+00:00,444
1137376,2020-07-04 00:00:00+00:00,445
1137376,2020-07-05 00:00:00+00:00,446
1137376,2020-07-06 00:00:00+00:00,447
1137376,2020-07-07 00:00:00+00:00,448
1137376,2020-07-08 00:00:00+00:00,449
1137376,2020-07-09 00:00:00+00:00,450
1137376,2020-07-10 00:00:00+00:00,451
1137376,2020-07-11 00:00:00+00:00,452
1137376,2020-07-12 00:00:00+00:00,453
1137376,2020-07-13 00:00:00+00:00,454
1137376,2020-07-14 00:00:00+00:00,455
1137376,2020-07-15 00:00:00+00:00,456
1137376,2020-07-16 00:00:00+00:00,457
1137376,2020-07-17 00:00:00+00:00,458
1137376,2020-07-18 00:00:00+00:00,459
1137376,2020-07-19 00:00:00+00:00,460
1137376,2020-07-20 00:00:00+00:00,461
1137376,2020-07-21 00:00:00+00:00,462
1137376,2020-07-22 00:00:00+00:00,463
1137376,2020-07-23 00:00:00+00:00,464
1137376,2020-07-24 00:00:00+00:00,465
1137376,2020-07-25 00:00:00+00:00,466
1137376,2020-07-26 00:00:00+00:00,467
1137376,2020-07-27 00:00:00+00:00,468
1137376,2020-07-28 00:00:00+00:00,469
1137376,2020-07-29 00:00:00+00:00,470
1137376,2020-07-30 00:00:00+00:00,471
1137376,2020-07-31 00:00:00+00:00,472
1137376,2020-08-01 00:00:00+00:00,473
1137376,2020-08-02 00:00:00+00:00,474
1137376,2020-08-03 00:00:00+00:00,475
1137376,2020-08-04 00:00:00+00:00,476
1137376,2020-08-05 00:00:00+00:00,477
1137376,2020-08-06 00:00:00+00:00,478
1137376,2020-08-07 00:00:00+00:00,479
1137376,2020-08-08 00:00:00+00:00,480
1137376,2020-08-09 00:00:00+00:00,481
1137376,2020-08-10 00:00:00+00:00,482
1137376,2020-08-11 00:00:00+00:00,483
1137376,2020-08-12 00:00:00+00:00,484
1137376,2020-08-13 00:00:00+00:00,485
190821,2020-08-13 00:00:00+00:00,486
1137376,2020-08-14 00:00:00+00:00,487
190821,2020-08-14 00:00:00+00:00,488
1137376,2020-08-15 00:00:00+00:00,489
190821,2020-08-15 00:00:00+00:00,490
1137376,2020-08-16 00:00:00+00:00,491
190821,2020-08-16 00:00:00+00:00,492
190821,2020-08-17 00:00:00+00:00,493
1137376,2020-08-17 00:00:00+00:00,494
1137376,2020-08-18 00:00:00+00:00,495
190821,2020-08-18 00:00:00+00:00,496
190821,2020-08-19 00:00:00+00:00,497
1137376,2020-08-19 00:00:00+00:00,498
190821,2020-08-20 00:00:00+00:00,499
1137376,2020-08-20 00:00:00+00:00,500
1137376,2020-08-21 00:00:00+00:00,501
190821,2020-08-21 00:00:00+00:00,502
190821,2020-08-22 00:00:00+00:00,503
1137376,2020-08-22 00:00:00+00:00,504
1137376,2020-08-23 00:00:00+00:00,505
190821,2020-08-23 00:00:00+00:00,506
1137376,2020-08-24 00:00:00+00:00,507
190821,2020-08-24 00:00:00+00:00,508
190821,2020-08-25 00:00:00+00:00,509
1137376,2020-08-25 00:00:00+00:00,510
1137376,2020-08-26 00:00:00+00:00,511
190821,2020-08-26 00:00:00+00:00,512
1137376,2020-08-27 00:00:00+00:00,513
190821,2020-08-27 00:00:00+00:00,514
1137376,2020-08-28 00:00:00+00:00,515
190821,2020-08-28 00:00:00+00:00,516
1137376,2020-08-29 00:00:00+00:00,517
190821,2020-08-29 00:00:00+00:00,518
190821,2020-08-30 00:00:00+00:00,519
1137376,2020-08-30 00:00:00+00:00,520
1137376,2020-08-31 00:00:00+00:00,521
190821,2020-08-31 00:00:00+00:00,522
190821,2020-09-01 00:00:00+00:00,523
1137376,2020-09-01 00:00:00+00:00,524
1137376,2020-09-02 00:00:00+00:00,525
190821,2020-09-02 00:00:00+00:00,526
190821,2020-09-03 00:00:00+00:00,527
1137376,2020-09-03 00:00:00+00:00,528
190821,2020-09-04 00:00:00+00:00,529
1137376,2020-09-04 00:00:00+00:00,530
190821,2020-09-05 00:00:00+00:00,531
1137376,2020-09-05 00:00:00+00:00,532
1137376,2020-09-06 00:00:00+00:00,533
190821,2020-09-06 00:00:00+00:00,534
190821,2020-09-07 00:00:00+00:00,535
1137376,2020-09-07 00:00:00+00:00,536
1137376,2020-09-08 00:00:00+00:00,537
190821,2020-09-08 00:00:00+00:00,538
1137376,2020-09-09 00:00:00+00:00,539
190821,2020-09-09 00:00:00+00:00,540
1137376,2020-09-10 00:00:00+00:00,541
190821,2020-09-10 00:00:00+00:00,542
190821,2020-09-11 00:00:00+00:00,543
1137376,2020-09-11 00:00:00+00:00,544
190821,2020-09-12 00:00:00+00:00,545
1137376,2020-09-12 00:00:00+00:00,546
190821,2020-09-13 00:00:00+00:00,547
1137376,2020-09-13 00:00:00+00:00,548
1137376,2020-09-14 00:00:00+00:00,549
190821,2020-09-14 00:00:00+00:00,550
190821,2020-09-15 00:00:00+00:00,551
1137376,2020-09-15 00:00:00+00:00,552
1137376,2020-09-16 00:00:00+00:00,553
190821,2020-09-16 00:00:00+00:00,554
1137376,2020-09-17 00:00:00+00:00,555
190821,2020-09-17 00:00:00+00:00,556
190821,2020-09-18 00:00:00+00:00,557
1137376,2020-09-18 00:00:00+00:00,558
190821,2020-09-19 00:00:00+00:00,559
1137376,2020-09-19 00:00:00+00:00,560
190821,2020-09-20 00:00:00+00:00,561
1137376,2020-09-20 00:00:00+00:00,562
1137376,2020-09-21 00:00:00+00:00,563
190821,2020-09-21 00:00:00+00:00,564
1137376,2020-09-22 00:00:00+00:00,565
190821,2020-09-22 00:00:00+00:00,566
1137376,2020-09-23 00:00:00+00:00,567
190821,2020-09-23 00:00:00+00:00,568
1137376,2020-09-24 00:00:00+00:00,569
190821,2020-09-24 00:00:00+00:00,570
1137376,2020-09-25 00:00:00+00:00,571
190821,2020-09-25 00:00:00+00:00,572
1137376,2020-09-26 00:00:00+00:00,573
190821,2020-09-26 00:00:00+00:00,574
1137376,2020-09-27 00:00:00+00:00,575
190821,2020-09-27 00:00:00+00:00,576
190821,2020-09-28 00:00:00+00:00,577
1137376,2020-09-28 00:00:00+00:00,578
190821,2020-09-29 00:00:00+00:00,579
1137376,2020-09-29 00:00:00+00:00,580
1137376,2020-09-30 00:00:00+00:00,581
190821,2020-09-30 00:00:00+00:00,582
1137376,2020-10-01 00:00:00+00:00,583
190821,2020-10-01 00:00:00+00:00,584
1137376,2020-10-02 00:00:00+00:00,585
190821,2020-10-02 00:00:00+00:00,586
190821,2020-10-03 00:00:00+00:00,587
1137376,2020-10-03 00:00:00+00:00,588
1137376,2020-10-04 00:00:00+00:00,589
190821,2020-10-04 00:00:00+00:00,590
190821,2020-10-05 00:00:00+00:00,591
1137376,2020-10-05 00:00:00+00:00,592
190821,2020-10-06 00:00:00+00:00,593
1137376,2020-10-06 00:00:00+00:00,594
190821,2020-10-07 00:00:00+00:00,595
1137376,2020-10-07 00:00:00+00:00,596
1137376,2020-10-08 00:00:00+00:00,597
190821,2020-10-08 00:00:00+00:00,598
1137376,2020-10-09 00:00:00+00:00,599
190821,2020-10-09 00:00:00+00:00,600
1137376,2020-10-10 00:00:00+00:00,601
190821,2020-10-10 00:00:00+00:00,602
190821,2020-10-11 00:00:00+00:00,603
1137376,2020-10-11 00:00:00+00:00,604
190821,2020-10-12 00:00:00+00:00,605
1137376,2020-10-12 00:00:00+00:00,606
1137376,2020-10-13 00:00:00+00:00,607
190821,2020-10-13 00:00:00+00:00,608
1137376,2020-10-14 00:00:00+00:00,609
190821,2020-10-14 00:00:00+00:00,610
190821,2020-10-15 00:00:00+00:00,611
1137376,2020-10-15 00:00:00+00:00,612
1137376,2020-10-16 00:00:00+00:00,613
190821,2020-10-16 00:00:00+00:00,614
190821,2020-10-17 00:00:00+00:00,615
1137376,2020-10-17 00:00:00+00:00,616
190821,2020-10-18 00:00:00+00:00,617
1137376,2020-10-18 00:00:00+00:00,618
1137376,2020-10-19 00:00:00+00:00,619
190821,2020-10-19 00:00:00+00:00,620
1137376,2020-10-20 00:00:00+00:00,621
190821,2020-10-20 00:00:00+00:00,622
1137376,2020-10-21 00:00:00+00:00,623
190821,2020-10-21 00:00:00+00:00,624
190821,2020-10-22 00:00:00+00:00,625
1137376,2020-10-22 00:00:00+00:00,626
190821,2020-10-23 00:00:00+00:00,627
1137376,2020-10-23 00:00:00+00:00,628
190821,2020-10-24 00:00:00+00:00,629
1137376,2020-10-24 00:00:00+00:00,630
190821,2020-10-25 00:00:00+00:00,631
190821,2020-10-26 00:00:00+00:00,632
190821,2020-10-27 00:00:00+00:00,633
1137376,2020-10-27 00:00:00+00:00,634
190821,2020-10-28 00:00:00+00:00,635
1137376,2020-10-28 00:00:00+00:00,636
1137376,2020-10-29 00:00:00+00:00,637
190821,2020-10-29 00:00:00+00:00,638
190821,2020-10-30 00:00:00+00:00,639
1137376,2020-10-30 00:00:00+00:00,640
1137376,2020-10-31 00:00:00+00:00,641
190821,2020-10-31 00:00:00+00:00,642
190821,2020-11-01 00:00:00+00:00,643
1137376,2020-11-01 00:00:00+00:00,644
661091,2022-05-08 00:00:00+00:00,645
1228011,2023-02-18 00:00:00+00:00,646
1191127,2023-12-22 00:00:00+00:00,647
1078861,2022-06-16 00:00:00+00:00,648
190821,2022-12-23 00:00:00+00:00,649
114671,2022-10-02 00:00:00+00:00,650
1137376,2023-12-21 00:00:00+00:00,651
120701,2023-04-16 00:00:00+00:00,652
731201,2022-01-03 00:00:00+00:00,653
731201,2021-11-21 00:00:00+00:00,654
190821,2023-03-09 00:00:00+00:00,655
114671,2022-04-27 00:00:00+00:00,656
114671,2022-11-25 00:00:00+00:00,657
731201,2022-01-25 00:00:00+00:00,658
120701,2022-09-21 00:00:00+00:00,659
1137376,2021-05-21 00:00:00+00:00,660
1228011,2023-01-22 00:00:00+00:00,661
114671,2022-05-10 00:00:00+00:00,662
120701,2023-12-01 00:00:00+00:00,663
1137376,2021-04-09 00:00:00+00:00,664
114671,2023-04-24 00:00:00+00:00,665
190821,2021-06-28 00:00:00+00:00,666
1078861,2022-04-28 00:00:00+00:00,667
1137376,2022-01-06 00:00:00+00:00,668
731201,2023-12-28 00:00:00+00:00,669
1137376,2022-04-24 00:00:00+00:00,670
1228011,2023-01-29 00:00:00+00:00,671
731201,2022-02-26 00:00:00+00:00,672
1191127,2023-10-01 00:00:00+00:00,673
120701,2023-01-26 00:00:00+00:00,674
190821,2021-11-29 00:00:00+00:00,675
1191127,2023-09-18 00:00:00+00:00,676
1137376,2021-02-15 00:00:00+00:00,677
120701,2023-12-09 00:00:00+00:00,678
1191127,2023-08-24 00:00:00+00:00,679
1191127,2023-11-03 00:00:00+00:00,680
1078861,2023-08-05 00:00:00+00:00,681
731201,2023-10-27 00:00:00+00:00,682
731201,2022-03-14 00:00:00+00:00,683
114671,2022-10-03 00:00:00+00:00,684
731201,2022-01-29 00:00:00+00:00,685
190821,2023-03-22 00:00:00+00:00,686
731201,2022-01-14 00:00:00+00:00,687
1078861,2022-03-31 00:00:00+00:00,688
661091,2023-09-11 00:00:00+00:00,689
114671,2022-11-03 00:00:00+00:00,690
120701,2023-05-10 00:00:00+00:00,691
1191127,2023-06-19 00:00:00+00:00,692
190821,2021-06-13 00:00:00+00:00,693
731201,2023-12-08 00:00:00+00:00,694
661091,2023-11-22 00:00:00+00:00,695
731201,2023-08-28 00:00:00+00:00,696
731201,2022-04-11 00:00:00+00:00,697
731201,2022-02-18 00:00:00+00:00,698
1137376,2021-05-03 00:00:00+00:00,699
190821,2023-03-10 00:00:00+00:00,700
1078861,2023-08-28 00:00:00+00:00,701
114671,2023-01-01 00:00:00+00:00,702
1191127,2023-06-26 00:00:00+00:00,703
1191127,2023-12-02 00:00:00+00:00,704
114671,2022-09-10 00:00:00+00:00,705
731201,2024-01-15 00:00:00+00:00,706
1137376,2023-05-31 00:00:00+00:00,707
114671,2022-10-29 00:00:00+00:00,708
120701,2023-02-15 00:00:00+00:00,709
1137376,2023-09-14 00:00:00+00:00,710
661091,2022-12-07 00:00:00+00:00,711
661091,2022-12-19 00:00:00+00:00,712
114671,2022-03-18 00:00:00+00:00,713
120701,2023-11-15 00:00:00+00:00,714
731201,2023-11-25 00:00:00+00:00,715
731201,2024-01-26 00:00:00+00:00,716
1228011,2023-05-03 00:00:00+00:00,717
114671,2022-12-14 00:00:00+00:00,718
1137376,2021-10-29 00:00:00+00:00,719
1228011,2023-02-17 00:00:00+00:00,720
1191127,2023-11-08 00:00:00+00:00,721
114671,2023-04-22 00:00:00+00:00,722
661091,2023-06-16 00:00:00+00:00,723
114671,2023-05-05 00:00:00+00:00,724
1228011,2023-06-11 00:00:00+00:00,725
731201,2023-08-29 00:00:00+00:00,726
1191127,2023-06-06 00:00:00+00:00,727
731201,2022-02-24 00:00:00+00:00,728
731201,2022-03-24 00:00:00+00:00,729
120701,2023-12-11 00:00:00+00:00,730
1191127,2023-08-18 00:00:00+00:00,731
120701,2023-05-24 00:00:00+00:00,732
1078861,2023-08-27 00:00:00+00:00,733
1228011,2022-11-07 00:00:00+00:00,734
114671,2022-03-14 00:00:00+00:00,735
1137376,2023-04-23 00:00:00+00:00,736
1228011,2022-10-24 00:00:00+00:00,737
731201,2022-02-08 00:00:00+00:00,738
731201,2022-03-13 00:00:00+00:00,739
731201,2022-02-19 00:00:00+00:00,740
114671,2022-12-02 00:00:00+00:00,741
114671,2022-09-01 00:00:00+00:00,742
1191127,2023-11-22 00:00:00+00:00,743
1228011,2022-08-20 00:00:00+00:00,744
731201,2024-01-21 00:00:00+00:00,745
1137376,2023-11-16 00:00:00+00:00,746
731201,2023-10-23 00:00:00+00:00,747
120701,2023-03-27 00:00:00+00:00,748
1228011,2022-05-27 00:00:00+00:00,749
1191127,2023-05-14 00:00:00+00:00,750
661091,2023-04-02 00:00:00+00:00,751
661091,2023-01-20 00:00:00+00:00,752
114671,2022-09-21 00:00:00+00:00,753
1228011,2022-05-08 00:00:00+00:00,754
1191127,2024-01-19 00:00:00+00:00,755
190821,2022-05-09 00:00:00+00:00,756
731201,2022-03-29 00:00:00+00:00,757
731201,2023-10-10 00:00:00+00:00,758
1078861,2022-09-24 00:00:00+00:00,759
661091,2022-11-19 00:00:00+00:00,760
731201,2022-04-27 00:00:00+00:00,761
731201,2021-12-02 00:00:00+00:00,762
1191127,2023-09-14 00:00:00+00:00,763
731201,2022-01-21 00:00:00+00:00,764
190821,2022-11-12 00:00:00+00:00,765
731201,2022-02-05 00:00:00+00:00,766
731201,2021-11-14 00:00:00+00:00,767
190821,2021-04-07 00:00:00+00:00,768
1137376,2023-01-13 00:00:00+00:00,769
731201,2024-01-14 00:00:00+00:00,770
114671,2023-10-03 00:00:00+00:00,771
114671,2023-04-17 00:00:00+00:00,772
731201,2023-08-30 00:00:00+00:00,773
731201,2022-03-01 00:00:00+00:00,774
114671,2022-06-05 00:00:00+00:00,775
661091,2023-05-09 00:00:00+00:00,776
114671,2023-03-28 00:00:00+00:00,777
1078861,2023-08-10 00:00:00+00:00,778
1137376,2021-05-27 00:00:00+00:00,779
114671,2022-10-13 00:00:00+00:00,780
1228011,2023-08-28 00:00:00+00:00,781
120701,2023-09-24 00:00:00+00:00,782
1078861,2022-04-03 00:00:00+00:00,783
661091,2023-03-27 00:00:00+00:00,784
1137376,2024-01-22 00:00:00+00:00,785
661091,2023-12-16 00:00:00+00:00,786
120701,2022-12-18 00:00:00+00:00,787
114671,2023-01-14 00:00:00+00:00,788
661091,2024-01-08 00:00:00+00:00,789
114671,2023-02-22 00:00:00+00:00,790
731201,2023-12-30 00:00:00+00:00,791
731201,2022-01-24 00:00:00+00:00,792
1078861,2022-09-23 00:00:00+00:00,793
731201,2022-03-21 00:00:00+00:00,794
190821,2022-06-30 00:00:00+00:00,795
731201,2022-05-15 00:00:00+00:00,796
1137376,2022-09-15 00:00:00+00:00,797
114671,2023-05-21 00:00:00+00:00,798
731201,2021-11-20 00:00:00+00:00,799
731201,2022-04-04 00:00:00+00:00,800
1137376,2023-05-04 00:00:00+00:00,801
661091,2022-11-11 00:00:00+00:00,802
731201,2024-01-22 00:00:00+00:00,803
1191127,2023-09-21 00:00:00+00:00,804
1191127,2023-12-31 00:00:00+00:00,805
731201,2021-11-29 00:00:00+00:00,806
1191127,2024-01-18 00:00:00+00:00,807
1191127,2023-06-20 00:00:00+00:00,808
120701,2023-04-12 00:00:00+00:00,809
731201,2022-02-13 00:00:00+00:00,810
120701,2023-10-07 00:00:00+00:00,811
1137376,2021-03-20 00:00:00+00:00,812
1228011,2022-05-30 00:00:00+00:00,813
1137376,2022-04-17 00:00:00+00:00,814
731201,2023-12-04 00:00:00+00:00,815
731201,2022-04-13 00:00:00+00:00,816
114671,2023-03-22 00:00:00+00:00,817
661091,2023-02-28 00:00:00+00:00,818
114671,2023-08-14 00:00:00+00:00,819
190821,2022-11-04 00:00:00+00:00,820
120701,2024-01-28 00:00:00+00:00,821
731201,2022-01-04 00:00:00+00:00,822
190821,2022-11-16 00:00:00+00:00,823
1078861,2022-09-13 00:00:00+00:00,824
731201,2023-11-15 00:00:00+00:00,825
1137376,2022-12-19 00:00:00+00:00,826
120701,2023-04-10 00:00:00+00:00,827
1137376,2023-12-19 00:00:00+00:00,828
114671,2023-01-25 00:00:00+00:00,829
190821,2022-03-01 00:00:00+00:00,830
114671,2022-06-13 00:00:00+00:00,831
731201,2022-03-08 00:00:00+00:00,832
190821,2021-01-14 00:00:00+00:00,833
120701,2023-07-22 00:00:00+00:00,834
731201,2022-02-27 00:00:00+00:00,835
114671,2022-06-11 00:00:00+00:00,836
1137376,2022-12-26 00:00:00+00:00,837
114671,2023-08-28 00:00:00+00:00,838
1228011,2022-12-19 00:00:00+00:00,839
731201,2024-01-18 00:00:00+00:00,840
1191127,2023-10-21 00:00:00+00:00,841
1191127,2023-07-09 00:00:00+00:00,842
731201,2021-12-01 00:00:00+00:00,843
114671,2022-10-01 00:00:00+00:00,844
1228011,2023-01-17 00:00:00+00:00,845
114671,2022-10-22 00:00:00+00:00,846
190821,2021-01-05 00:00:00+00:00,847
731201,2022-01-18 00:00:00+00:00,848
114671,2022-05-07 00:00:00+00:00,849
731201,2022-01-07 00:00:00+00:00,850
1137376,2022-04-27 00:00:00+00:00,851
190821,2023-03-27 00:00:00+00:00,852
1228011,2023-02-14 00:00:00+00:00,853
731201,2022-02-23 00:00:00+00:00,854
1137376,2023-06-27 00:00:00+00:00,855
114671,2023-09-27 00:00:00+00:00,856
661091,2023-06-03 00:00:00+00:00,857
120701,2023-02-18 00:00:00+00:00,858
661091,2023-04-03 00:00:00+00:00,859
114671,2022-11-05 00:00:00+00:00,860
731201,2022-03-15 00:00:00+00:00,861
731201,2022-03-12 00:00:00+00:00,862
190821,2023-11-09 00:00:00+00:00,863
731201,2024-01-29 00:00:00+00:00,864
731201,2024-01-24 00:00:00+00:00,865
1228011,2022-05-06 00:00:00+00:00,866
1137376,2021-04-01 00:00:00+00:00,867
731201,2024-01-30 00:00:00+00:00,868
1228011,2022-09-28 00:00:00+00:00,869
120701,2023-01-09 00:00:00+00:00,870
114671,2023-02-23 00:00:00+00:00,871
731201,2021-11-25 00:00:00+00:00,872
190821,2023-04-15 00:00:00+00:00,873
731201,2023-08-06 00:00:00+00:00,874
120701,2023-11-27 00:00:00+00:00,875
661091,2023-10-28 00:00:00+00:00,876
731201,2022-03-23 00:00:00+00:00,877
120701,2022-12-04 00:00:00+00:00,878
661091,2023-03-05 00:00:00+00:00,879
1137376,2021-04-19 00:00:00+00:00,880
1137376,2023-10-26 00:00:00+00:00,881
731201,2023-10-24 00:00:00+00:00,882
731201,2021-12-31 00:00:00+00:00,883
1228011,2022-05-02 00:00:00+00:00,884
1228011,2023-12-18 00:00:00+00:00,885
1137376,2021-04-26 00:00:00+00:00,886
114671,2022-12-11 00:00:00+00:00,887
661091,2023-02-20 00:00:00+00:00,888
1078861,2023-05-15 00:00:00+00:00,889
120701,2022-10-14 00:00:00+00:00,890
190821,2021-12-26 00:00:00+00:00,891
731201,2022-01-12 00:00:00+00:00,892
190821,2024-01-12 00:00:00+00:00,893
1191127,2024-01-08 00:00:00+00:00,894
661091,2023-10-24 00:00:00+00:00,895
731201,2021-11-10 00:00:00+00:00,896
661091,2023-02-09 00:00:00+00:00,897
1228011,2022-09-26 00:00:00+00:00,898
1228011,2023-02-12 00:00:00+00:00,899
1228011,2023-01-15 00:00:00+00:00,900
120701,2023-09-30 00:00:00+00:00,901
1137376,2021-03-21 00:00:00+00:00,902
114671,2023-09-21 00:00:00+00:00,903
190821,2022-04-03 00:00:00+00:00,904
120701,2023-10-27 00:00:00+00:00,905
731201,2022-02-10 00:00:00+00:00,906
1228011,2023-05-18 00:00:00+00:00,907
114671,2023-05-02 00:00:00+00:00,908
190821,2021-03-31 00:00:00+00:00,909
190821,2021-03-27 00:00:00+00:00,910
1191127,2023-11-07 00:00:00+00:00,911
114671,2022-07-12 00:00:00+00:00,912
114671,2023-03-14 00:00:00+00:00,913
1137376,2023-10-24 00:00:00+00:00,914
190821,2021-12-17 00:00:00+00:00,915
1137376,2022-03-31 00:00:00+00:00,916
731201,2022-01-23 00:00:00+00:00,917
114671,2022-11-13 00:00:00+00:00,918
114671,2023-03-12 00:00:00+00:00,919
190821,2023-11-05 00:00:00+00:00,920
114671,2022-04-26 00:00:00+00:00,921
120701,2023-11-24 00:00:00+00:00,922
114671,2023-03-15 00:00:00+00:00,923
1137376,2021-10-08 00:00:00+00:00,924
1228011,2023-10-23 00:00:00+00:00,925
1228011,2022-05-03 00:00:00+00:00,926
731201,2022-02-03 00:00:00+00:00,927
1137376,2022-11-19 00:00:00+00:00,928
114671,2022-10-24 00:00:00+00:00,929
190821,2021-10-04 00:00:00+00:00,930
731201,2022-01-27 00:00:00+00:00,931
114671,2023-03-27 00:00:00+00:00,932
114671,2023-03-25 00:00:00+00:00,933
731201,2021-12-14 00:00:00+00:00,934
1191127,2024-01-10 00:00:00+00:00,935
1078861,2023-03-12 00:00:00+00:00,936
1228011,2022-09-22 00:00:00+00:00,937
114671,2022-08-18 00:00:00+00:00,938
1137376,2022-05-05 00:00:00+00:00,939
731201,2023-10-31 00:00:00+00:00,940
731201,2023-12-10 00:00:00+00:00,941
1137376,2023-01-23 00:00:00+00:00,942
731201,2021-12-12 00:00:00+00:00,943
1191127,2023-05-28 00:00:00+00:00,944
661091,2023-02-27 00:00:00+00:00,945
114671,2023-05-20 00:00:00+00:00,946
1137376,2021-04-23 00:00:00+00:00,947
1228011,2023-02-23 00:00:00+00:00,948
114671,2022-11-21 00:00:00+00:00,949
120701,2024-01-22 00:00:00+00:00,950
661091,2023-09-24 00:00:00+00:00,951
190821,2022-12-09 00:00:00+00:00,952
661091,2022-10-22 00:00:00+00:00,953
731201,2023-12-15 00:00:00+00:00,954
731201,2023-10-19 00:00:00+00:00,955
1078861,2022-09-21 00:00:00+00:00,956
661091,2023-04-05 00:00:00+00:00,957
731201,2021-12-19 00:00:00+00:00,958
1137376,2021-01-08 00:00:00+00:00,959
114671,2022-10-07 00:00:00+00:00,960
1137376,2021-03-22 00:00:00+00:00,961
114671,2022-09-11 00:00:00+00:00,962
114671,2022-04-29 00:00:00+00:00,963
114671,2023-05-10 00:00:00+00:00,964
661091,2023-01-26 00:00:00+00:00,965
120701,2023-11-29 00:00:00+00:00,966
661091,2022-11-26 00:00:00+00:00,967
120701,2023-01-16 00:00:00+00:00,968
120701,2023-05-29 00:00:00+00:00,969
1228011,2023-02-03 00:00:00+00:00,970
114671,2023-01-28 00:00:00+00:00,971
661091,2023-01-22 00:00:00+00:00,972
731201,2022-04-12 00:00:00+00:00,973
731201,2022-01-16 00:00:00+00:00,974
114671,2022-05-28 00:00:00+00:00,975
731201,2023-12-24 00:00:00+00:00,976
1137376,2022-09-27 00:00:00+00:00,977
1191127,2024-01-29 00:00:00+00:00,978
731201,2023-11-20 00:00:00+00:00,979
114671,2022-11-18 00:00:00+00:00,980
120701,2023-04-04 00:00:00+00:00,981
731201,2022-02-28 00:00:00+00:00,982
661091,2023-05-29 00:00:00+00:00,983
1228011,2023-10-28 00:00:00+00:00,984
190821,2022-12-12 00:00:00+00:00,985
1137376,2022-09-24 00:00:00+00:00,986
661091,2023-12-09 00:00:00+00:00,987
114671,2023-01-24 00:00:00+00:00,988
661091,2022-05-25 00:00:00+00:00,989
661091,2022-06-07 00:00:00+00:00,990
190821,2021-02-02 00:00:00+00:00,991
1191127,2023-09-27 00:00:00+00:00,992
190821,2023-06-22 00:00:00+00:00,993
1137376,2021-04-05 00:00:00+00:00,994
1137376,2020-11-14 00:00:00+00:00,995
114671,2022-12-25 00:00:00+00:00,996
731201,2022-04-07 00:00:00+00:00,997
1228011,2023-04-30 00:00:00+00:00,998
661091,2023-09-09 00:00:00+00:00,999
190821,2022-06-20 00:00:00+00:00,1000
731201,2022-02-09 00:00:00+00:00,1001
1137376,2023-02-24 00:00:00+00:00,1002
661091,2022-04-21 00:00:00+00:00,1003
731201,2022-01-22 00:00:00+00:00,1004
731201,2021-12-21 00:00:00+00:00,1005
661091,2023-11-14 00:00:00+00:00,1006
731201,2023-07-27 00:00:00+00:00,1007
731201,2022-04-22 00:00:00+00:00,1008
1078861,2022-07-12 00:00:00+00:00,1009
1137376,2021-12-11 00:00:00+00:00,1010
114671,2022-12-04 00:00:00+00:00,1011
120701,2023-10-20 00:00:00+00:00,1012
120701,2023-11-23 00:00:00+00:00,1013
120701,2023-10-08 00:00:00+00:00,1014
731201,2023-12-01 00:00:00+00:00,1015
114671,2023-04-11 00:00:00+00:00,1016
661091,2023-01-19 00:00:00+00:00,1017
114671,2022-12-18 00:00:00+00:00,1018
1137376,2022-10-07 00:00:00+00:00,1019
120701,2023-11-11 00:00:00+00:00,1020
1228011,2022-04-26 00:00:00+00:00,1021
1228011,2023-08-20 00:00:00+00:00,1022
731201,2021-12-26 00:00:00+00:00,1023
114671,2022-04-22 00:00:00+00:00,1024
1228011,2023-08-25 00:00:00+00:00,1025
190821,2024-01-21 00:00:00+00:00,1026
190821,2020-12-23 00:00:00+00:00,1027
114671,2023-04-13 00:00:00+00:00,1028
1228011,2022-04-28 00:00:00+00:00,1029
1137376,2021-03-15 00:00:00+00:00,1030
661091,2023-05-28 00:00:00+00:00,1031
114671,2022-06-07 00:00:00+00:00,1032
114671,2022-12-24 00:00:00+00:00,1033
1137376,2022-06-02 00:00:00+00:00,1034
1228011,2023-09-28 00:00:00+00:00,1035
731201,2022-02-06 00:00:00+00:00,1036
1191127,2023-10-27 00:00:00+00:00,1037
1137376,2021-12-10 00:00:00+00:00,1038
1191127,2023-11-12 00:00:00+00:00,1039
120701,2023-01-01 00:00:00+00:00,1040
114671,2022-04-07 00:00:00+00:00,1041
731201,2021-11-23 00:00:00+00:00,1042
1191127,2023-12-10 00:00:00+00:00,1043
114671,2022-04-10 00:00:00+00:00,1044
1191127,2023-07-08 00:00:00+00:00,1045
120701,2023-04-09 00:00:00+00:00,1046
114671,2022-11-15 00:00:00+00:00,1047
731201,2022-07-17 00:00:00+00:00,1048
1137376,2022-12-20 00:00:00+00:00,1049
731201,2022-05-25 00:00:00+00:00,1050
661091,2022-10-02 00:00:00+00:00,1051
114671,2023-04-16 00:00:00+00:00,1052
114671,2022-05-17 00:00:00+00:00,1053
1137376,2021-07-13 00:00:00+00:00,1054
1191127,2023-05-13 00:00:00+00:00,1055
1191127,2023-07-15 00:00:00+00:00,1056
1137376,2023-04-17 00:00:00+00:00,1057
1228011,2023-05-14 00:00:00+00:00,1058
1137376,2023-01-06 00:00:00+00:00,1059
661091,2023-08-07 00:00:00+00:00,1060
661091,2023-01-05 00:00:00+00:00,1061
731201,2023-10-26 00:00:00+00:00,1062
1228011,2022-05-13 00:00:00+00:00,1063
190821,2021-01-17 00:00:00+00:00,1064
190821,2022-01-22 00:00:00+00:00,1065
661091,2023-12-01 00:00:00+00:00,1066
1137376,2022-01-19 00:00:00+00:00,1067
731201,2022-01-09 00:00:00+00:00,1068
190821,2023-05-05 00:00:00+00:00,1069
1137376,2023-12-23 00:00:00+00:00,1070
1137376,2021-10-06 00:00:00+00:00,1071
114671,2023-05-07 00:00:00+00:00,1072
1137376,2022-12-14 00:00:00+00:00,1073
661091,2023-02-26 00:00:00+00:00,1074
1191127,2024-01-07 00:00:00+00:00,1075
114671,2022-07-02 00:00:00+00:00,1076
114671,2022-11-22 00:00:00+00:00,1077
731201,2022-01-26 00:00:00+00:00,1078
120701,2023-08-28 00:00:00+00:00,1079
190821,2023-04-21 00:00:00+00:00,1080
114671,2022-03-24 00:00:00+00:00,1081
120701,2023-03-29 00:00:00+00:00,1082
661091,2023-10-21 00:00:00+00:00,1083
1078861,2022-10-15 00:00:00+00:00,1084
1191127,2023-07-02 00:00:00+00:00,1085
1137376,2021-12-31 00:00:00+00:00,1086
120701,2023-12-06 00:00:00+00:00,1087
1191127,2023-11-14 00:00:00+00:00,1088
661091,2023-01-28 00:00:00+00:00,1089
1191127,2023-07-28 00:00:00+00:00,1090
120701,2024-01-29 00:00:00+00:00,1091
731201,2022-04-28 00:00:00+00:00,1092
1137376,2022-06-10 00:00:00+00:00,1093
1228011,2022-12-16 00:00:00+00:00,1094
1191127,2024-01-25 00:00:00+00:00,1095
114671,2023-01-20 00:00:00+00:00,1096
114671,2022-11-20 00:00:00+00:00,1097
190821,2022-05-04 00:00:00+00:00,1098
731201,2022-03-04 00:00:00+00:00,1099
1191127,2024-01-05 00:00:00+00:00,1100
114671,2023-04-02 00:00:00+00:00,1101
1191127,2023-05-10 00:00:00+00:00,1102
731201,2022-01-13 00:00:00+00:00,1103
1191127,2023-09-06 00:00:00+00:00,1104
114671,2023-10-08 00:00:00+00:00,1105
731201,2022-01-31 00:00:00+00:00,1106
661091,2023-05-17 00:00:00+00:00,1107
1228011,2022-04-25 00:00:00+00:00,1108
120701,2022-12-17 00:00:00+00:00,1109
1137376,2021-05-02 00:00:00+00:00,1110
661091,2023-03-20 00:00:00+00:00,1111
1137376,2021-01-21 00:00:00+00:00,1112
1137376,2021-04-04 00:00:00+00:00,1113
190821,2022-06-09 00:00:00+00:00,1114
1137376,2023-03-15 00:00:00+00:00,1115
1228011,2023-02-11 00:00:00+00:00,1116
661091,2023-11-25 00:00:00+00:00,1117
731201,2023-12-13 00:00:00+00:00,1118
1191127,2023-09-24 00:00:00+00:00,1119
190821,2023-04-03 00:00:00+00:00,1120
190821,2021-01-19 00:00:00+00:00,1121
1228011,2022-04-24 00:00:00+00:00,1122
731201,2022-02-02 00:00:00+00:00,1123
1137376,2021-04-06 00:00:00+00:00,1124
114671,2022-09-26 00:00:00+00:00,1125
1137376,2023-04-02 00:00:00+00:00,1126
1078861,2023-05-20 00:00:00+00:00,1127
1228011,2023-06-17 00:00:00+00:00,1128
661091,2023-01-09 00:00:00+00:00,1129
1191127,2023-10-28 00:00:00+00:00,1130
1191127,2023-11-06 00:00:00+00:00,1131
1137376,2023-01-15 00:00:00+00:00,1132
120701,2023-07-23 00:00:00+00:00,1133
661091,2023-11-30 00:00:00+00:00,1134
1078861,2022-10-16 00:00:00+00:00,1135
114671,2022-04-14 00:00:00+00:00,1136
1137376,2022-04-02 00:00:00+00:00,1137
731201,2022-01-19 00:00:00+00:00,1138
1191127,2023-12-17 00:00:00+00:00,1139
120701,2023-10-02 00:00:00+00:00,1140
114671,2023-01-02 00:00:00+00:00,1141
1137376,2021-08-16 00:00:00+00:00,1142
120701,2023-05-02 00:00:00+00:00,1143
190821,2023-12-21 00:00:00+00:00,1144
1191127,2024-01-12 00:00:00+00:00,1145
114671,2023-03-26 00:00:00+00:00,1146
1228011,2023-10-09 00:00:00+00:00,1147
731201,2023-11-12 00:00:00+00:00,1148
1191127,2023-05-09 00:00:00+00:00,1149
1228011,2023-08-27 00:00:00+00:00,1150
1228011,2023-02-10 00:00:00+00:00,1151
731201,2022-01-15 00:00:00+00:00,1152
1137376,2023-03-09 00:00:00+00:00,1153
661091,2023-03-24 00:00:00+00:00,1154
190821,2020-11-17 00:00:00+00:00,1155
1191127,2023-07-13 00:00:00+00:00,1156
114671,2022-09-28 00:00:00+00:00,1157
114671,2022-10-15 00:00:00+00:00,1158
1228011,2022-05-16 00:00:00+00:00,1159
1228011,2023-10-22 00:00:00+00:00,1160
1137376,2023-05-18 00:00:00+00:00,1161
190821,2023-04-16 00:00:00+00:00,1162
1137376,2023-05-14 00:00:00+00:00,1163
1228011,2023-05-29 00:00:00+00:00,1164
1228011,2024-01-15 00:00:00+00:00,1165
1228011,2022-12-25 00:00:00+00:00,1166
731201,2022-04-18 00:00:00+00:00,1167
1191127,2023-09-25 00:00:00+00:00,1168
190821,2022-02-10 00:00:00+00:00,1169
1191127,2023-08-07 00:00:00+00:00,1170
120701,2022-12-09 00:00:00+00:00,1171
120701,2022-10-02 00:00:00+00:00,1172
661091,2023-05-30 00:00:00+00:00,1173
731201,2023-10-21 00:00:00+00:00,1174
1078861,2022-07-16 00:00:00+00:00,1175
1137376,2022-11-15 00:00:00+00:00,1176
1137376,2020-11-06 00:00:00+00:00,1177
1228011,2022-10-27 00:00:00+00:00,1178
661091,2022-12-12 00:00:00+00:00,1179
190821,2023-03-13 00:00:00+00:00,1180
661091,2023-02-07 00:00:00+00:00,1181
731201,2023-12-20 00:00:00+00:00,1182
190821,2023-12-27 00:00:00+00:00,1183
114671,2022-10-09 00:00:00+00:00,1184
190821,2020-11-23 00:00:00+00:00,1185
1137376,2022-06-03 00:00:00+00:00,1186
1137376,2021-04-16 00:00:00+00:00,1187
1137376,2021-11-17 00:00:00+00:00,1188
120701,2023-12-22 00:00:00+00:00,1189
731201,2021-11-12 00:00:00+00:00,1190
1137376,2021-12-28 00:00:00+00:00,1191
1137376,2021-05-07 00:00:00+00:00,1192
114671,2022-07-20 00:00:00+00:00,1193
1137376,2023-04-13 00:00:00+00:00,1194
120701,2023-12-23 00:00:00+00:00,1195
114671,2022-09-22 00:00:00+00:00,1196
1228011,2023-04-14 00:00:00+00:00,1197
114671,2022-12-06 00:00:00+00:00,1198
114671,2023-10-15 00:00:00+00:00,1199
1078861,2022-07-15 00:00:00+00:00,1200
1137376,2023-06-18 00:00:00+00:00,1201
1137376,2022-04-08 00:00:00+00:00,1202
114671,2022-10-26 00:00:00+00:00,1203
1137376,2023-11-19 00:00:00+00:00,1204
731201,2022-04-19 00:00:00+00:00,1205
114671,2022-10-18 00:00:00+00:00,1206
661091,2023-07-26 00:00:00+00:00,1207
731201,2022-04-02 00:00:00+00:00,1208
1137376,2020-12-09 00:00:00+00:00,1209
661091,2022-05-30 00:00:00+00:00,1210
1137376,2022-11-07 00:00:00+00:00,1211
190821,2023-02-01 00:00:00+00:00,1212
731201,2022-01-02 00:00:00+00:00,1213
731201,2024-01-11 00:00:00+00:00,1214
1137376,2021-03-19 00:00:00+00:00,1215
1228011,2022-09-18 00:00:00+00:00,1216
1191127,2023-11-28 00:00:00+00:00,1217
661091,2022-04-29 00:00:00+00:00,1218
1137376,2023-01-11 00:00:00+00:00,1219
731201,2023-10-15 00:00:00+00:00,1220
1191127,2023-06-21 00:00:00+00:00,1221
661091,2022-04-19 00:00:00+00:00,1222
1137376,2022-10-25 00:00:00+00:00,1223
114671,2023-04-12 00:00:00+00:00,1224
731201,2022-05-06 00:00:00+00:00,1225
190821,2023-12-24 00:00:00+00:00,1226
114671,2022-09-18 00:00:00+00:00,1227
1137376,2023-10-06 00:00:00+00:00,1228
114671,2022-11-27 00:00:00+00:00,1229
1137376,2021-11-13 00:00:00+00:00,1230
1137376,2020-12-08 00:00:00+00:00,1231
114671,2022-12-07 00:00:00+00:00,1232
731201,2024-01-23 00:00:00+00:00,1233
1191127,2023-05-18 00:00:00+00:00,1234
1137376,2021-12-17 00:00:00+00:00,1235
1191127,2024-01-16 00:00:00+00:00,1236
731201,2023-11-02 00:00:00+00:00,1237
1137376,2023-05-23 00:00:00+00:00,1238
1137376,2023-12-22 00:00:00+00:00,1239
120701,2023-04-06 00:00:00+00:00,1240
190821,2021-01-04 00:00:00+00:00,1241
190821,2021-05-31 00:00:00+00:00,1242
731201,2023-11-23 00:00:00+00:00,1243
190821,2021-02-11 00:00:00+00:00,1244
1191127,2023-08-05 00:00:00+00:00,1245
190821,2023-01-04 00:00:00+00:00,1246
190821,2021-01-30 00:00:00+00:00,1247
1228011,2023-05-08 00:00:00+00:00,1248
731201,2022-02-04 00:00:00+00:00,1249
190821,2021-05-26 00:00:00+00:00,1250
1191127,2023-08-08 00:00:00+00:00,1251
1228011,2023-09-25 00:00:00+00:00,1252
190821,2022-02-08 00:00:00+00:00,1253
190821,2023-04-01 00:00:00+00:00,1254
731201,2023-07-14 00:00:00+00:00,1255
114671,2023-02-04 00:00:00+00:00,1256
731201,2021-12-22 00:00:00+00:00,1257
1137376,2023-01-05 00:00:00+00:00,1258
1078861,2022-05-23 00:00:00+00:00,1259
731201,2023-08-09 00:00:00+00:00,1260
1137376,2023-01-14 00:00:00+00:00,1261
1137376,2022-04-10 00:00:00+00:00,1262
661091,2022-12-30 00:00:00+00:00,1263
661091,2022-11-03 00:00:00+00:00,1264
190821,2022-02-20 00:00:00+00:00,1265
731201,2022-03-11 00:00:00+00:00,1266
114671,2023-03-10 00:00:00+00:00,1267
190821,2022-09-22 00:00:00+00:00,1268
731201,2023-11-03 00:00:00+00:00,1269
661091,2022-12-24 00:00:00+00:00,1270
114671,2022-11-06 00:00:00+00:00,1271
114671,2022-12-20 00:00:00+00:00,1272
1078861,2022-03-30 00:00:00+00:00,1273
1137376,2024-01-25 00:00:00+00:00,1274
190821,2023-08-29 00:00:00+00:00,1275
114671,2022-04-28 00:00:00+00:00,1276
114671,2023-01-21 00:00:00+00:00,1277
1137376,2022-06-01 00:00:00+00:00,1278
114671,2022-05-13 00:00:00+00:00,1279
1228011,2023-08-31 00:00:00+00:00,1280
1078861,2022-07-09 00:00:00+00:00,1281
114671,2022-04-17 00:00:00+00:00,1282
661091,2022-11-28 00:00:00+00:00,1283
114671,2022-03-16 00:00:00+00:00,1284
1137376,2021-02-28 00:00:00+00:00,1285
1137376,2021-11-07 00:00:00+00:00,1286
731201,2022-01-06 00:00:00+00:00,1287
661091,2023-12-23 00:00:00+00:00,1288
1137376,2022-12-17 00:00:00+00:00,1289
661091,2023-05-27 00:00:00+00:00,1290
190821,2022-10-12 00:00:00+00:00,1291
1137376,2021-12-19 00:00:00+00:00,1292
1228011,2023-04-03 00:00:00+00:00,1293
1137376,2021-03-16 00:00:00+00:00,1294
1137376,2023-12-20 00:00:00+00:00,1295
114671,2022-05-01 00:00:00+00:00,1296
1228011,2023-01-12 00:00:00+00:00,1297
731201,2022-03-09 00:00:00+00:00,1298
1137376,2021-05-08 00:00:00+00:00,1299
731201,2022-01-11 00:00:00+00:00,1300
731201,2022-03-18 00:00:00+00:00,1301
731201,2022-03-10 00:00:00+00:00,1302
1191127,2023-06-12 00:00:00+00:00,1303
1078861,2022-09-30 00:00:00+00:00,1304
114671,2022-12-09 00:00:00+00:00,1305
120701,2024-01-18 00:00:00+00:00,1306
731201,2022-08-26 00:00:00+00:00,1307
190821,2023-03-16 00:00:00+00:00,1308
120701,2023-03-13 00:00:00+00:00,1309
1228011,2022-11-19 00:00:00+00:00,1310
120701,2022-09-22 00:00:00+00:00,1311
120701,2023-01-25 00:00:00+00:00,1312
114671,2023-04-15 00:00:00+00:00,1313
1137376,2024-01-29 00:00:00+00:00,1314
731201,2023-11-07 00:00:00+00:00,1315
1137376,2023-05-24 00:00:00+00:00,1316
731201,2023-10-25 00:00:00+00:00,1317
114671,2022-05-04 00:00:00+00:00,1318
1137376,2022-05-12 00:00:00+00:00,1319
731201,2023-09-23 00:00:00+00:00,1320
661091,2023-04-19 00:00:00+00:00,1321
1191127,2024-01-09 00:00:00+00:00,1322
731201,2023-10-12 00:00:00+00:00,1323
731201,2022-03-26 00:00:00+00:00,1324
731201,2021-12-05 00:00:00+00:00,1325
1137376,2022-11-01 00:00:00+00:00,1326
1228011,2023-05-15 00:00:00+00:00,1327
1137376,2022-05-24 00:00:00+00:00,1328
731201,2023-11-09 00:00:00+00:00,1329
1137376,2021-03-14 00:00:00+00:00,1330
120701,2023-12-29 00:00:00+00:00,1331
661091,2023-05-16 00:00:00+00:00,1332
1137376,2022-05-07 00:00:00+00:00,1333
731201,2021-11-26 00:00:00+00:00,1334
661091,2023-04-14 00:00:00+00:00,1335
1191127,2023-12-18 00:00:00+00:00,1336
1191127,2023-06-16 00:00:00+00:00,1337
114671,2023-03-17 00:00:00+00:00,1338
1228011,2024-01-23 00:00:00+00:00,1339
190821,2020-11-29 00:00:00+00:00,1340
1137376,2024-01-18 00:00:00+00:00,1341
114671,2022-12-15 00:00:00+00:00,1342
731201,2022-07-28 00:00:00+00:00,1343
1228011,2023-01-14 00:00:00+00:00,1344
1078861,2022-04-26 00:00:00+00:00,1345
1137376,2022-05-28 00:00:00+00:00,1346
120701,2023-09-04 00:00:00+00:00,1347
1137376,2023-07-02 00:00:00+00:00,1348
661091,2024-01-16 00:00:00+00:00,1349
1228011,2022-11-09 00:00:00+00:00,1350
1137376,2023-01-10 00:00:00+00:00,1351
120701,2023-04-11 00:00:00+00:00,1352
120701,2023-03-25 00:00:00+00:00,1353
731201,2023-12-05 00:00:00+00:00,1354
190821,2024-01-22 00:00:00+00:00,1355
1137376,2022-08-22 00:00:00+00:00,1356
1191127,2023-08-25 00:00:00+00:00,1357
1228011,2023-01-01 00:00:00+00:00,1358
731201,2022-01-30 00:00:00+00:00,1359
1191127,2023-07-24 00:00:00+00:00,1360
731201,2021-12-28 00:00:00+00:00,1361
1137376,2022-06-11 00:00:00+00:00,1362
1137376,2024-01-13 00:00:00+00:00,1363
114671,2022-05-31 00:00:00+00:00,1364
1137376,2021-04-07 00:00:00+00:00,1365
114671,2023-03-18 00:00:00+00:00,1366
1228011,2022-12-28 00:00:00+00:00,1367
190821,2021-08-25 00:00:00+00:00,1368
1191127,2023-11-13 00:00:00+00:00,1369
731201,2024-01-25 00:00:00+00:00,1370
114671,2022-11-01 00:00:00+00:00,1371
120701,2023-11-25 00:00:00+00:00,1372
114671,2023-03-21 00:00:00+00:00,1373
114671,2022-11-11 00:00:00+00:00,1374
661091,2023-04-04 00:00:00+00:00,1375
1137376,2020-11-02 00:00:00+00:00,1376
731201,2021-12-24 00:00:00+00:00,1377
114671,2022-12-26 00:00:00+00:00,1378
661091,2023-12-08 00:00:00+00:00,1379
1137376,2023-01-01 00:00:00+00:00,1380
731201,2022-08-25 00:00:00+00:00,1381
1228011,2022-11-11 00:00:00+00:00,1382
120701,2022-10-22 00:00:00+00:00,1383
114671,2022-08-22 00:00:00+00:00,1384
661091,2024-01-10 00:00:00+00:00,1385
114671,2023-02-20 00:00:00+00:00,1386
1137376,2022-01-26 00:00:00+00:00,1387
190821,2021-11-13 00:00:00+00:00,1388
190821,2023-05-28 00:00:00+00:00,1389
731201,2021-12-04 00:00:00+00:00,1390
1228011,2022-12-05 00:00:00+00:00,1391
114671,2023-02-08 00:00:00+00:00,1392
1228011,2022-12-29 00:00:00+00:00,1393
1137376,2022-05-03 00:00:00+00:00,1394
1228011,2022-05-09 00:00:00+00:00,1395
114671,2023-01-22 00:00:00+00:00,1396
1228011,2022-04-23 00:00:00+00:00,1397
1137376,2021-05-14 00:00:00+00:00,1398
661091,2023-12-17 00:00:00+00:00,1399
1191127,2023-06-18 00:00:00+00:00,1400
1137376,2021-08-22 00:00:00+00:00,1401
190821,2022-07-20 00:00:00+00:00,1402
661091,2023-09-17 00:00:00+00:00,1403
1137376,2023-05-16 00:00:00+00:00,1404
731201,2022-05-30 00:00:00+00:00,1405
661091,2023-02-16 00:00:00+00:00,1406
120701,2023-09-28 00:00:00+00:00,1407
120701,2022-11-04 00:00:00+00:00,1408
661091,2023-01-25 00:00:00+00:00,1409
731201,2024-01-03 00:00:00+00:00,1410
190821,2021-03-13 00:00:00+00:00,1411
1137376,2021-11-18 00:00:00+00:00,1412
1228011,2023-04-01 00:00:00+00:00,1413
1228011,2024-01-20 00:00:00+00:00,1414
1137376,2023-01-07 00:00:00+00:00,1415
731201,2022-03-22 00:00:00+00:00,1416
731201,2024-01-13 00:00:00+00:00,1417
1137376,2022-12-28 00:00:00+00:00,1418
1137376,2022-05-22 00:00:00+00:00,1419
1228011,2023-03-28 00:00:00+00:00,1420
1137376,2021-03-13 00:00:00+00:00,1421
1078861,2023-08-31 00:00:00+00:00,1422
120701,2024-01-13 00:00:00+00:00,1423
1137376,2022-04-05 00:00:00+00:00,1424
731201,2022-03-30 00:00:00+00:00,1425
731201,2023-12-22 00:00:00+00:00,1426
114671,2022-12-01 00:00:00+00:00,1427
661091,2023-01-24 00:00:00+00:00,1428
114671,2022-12-23 00:00:00+00:00,1429
120701,2023-02-14 00:00:00+00:00,1430
1191127,2024-01-03 00:00:00+00:00,1431
661091,2023-12-28 00:00:00+00:00,1432
1228011,2023-02-02 00:00:00+00:00,1433
114671,2022-05-02 00:00:00+00:00,1434
1078861,2022-09-18 00:00:00+00:00,1435
1137376,2022-12-23 00:00:00+00:00,1436
1078861,2023-08-02 00:00:00+00:00,1437
190821,2021-03-18 00:00:00+00:00,1438
190821,2022-01-29 00:00:00+00:00,1439
114671,2022-10-06 00:00:00+00:00,1440
1137376,2022-11-04 00:00:00+00:00,1441
661091,2023-11-26 00:00:00+00:00,1442
661091,2023-04-01 00:00:00+00:00,1443
190821,2023-01-12 00:00:00+00:00,1444
114671,2022-03-19 00:00:00+00:00,1445
1137376,2024-01-28 00:00:00+00:00,1446
661091,2023-11-06 00:00:00+00:00,1447
661091,2022-12-18 00:00:00+00:00,1448
114671,2022-03-30 00:00:00+00:00,1449
731201,2021-12-18 00:00:00+00:00,1450
661091,2022-12-15 00:00:00+00:00,1451
190821,2022-02-01 00:00:00+00:00,1452
661091,2023-10-17 00:00:00+00:00,1453
1137376,2023-09-06 00:00:00+00:00,1454
190821,2022-05-08 00:00:00+00:00,1455
114671,2022-10-19 00:00:00+00:00,1456
1078861,2022-09-25 00:00:00+00:00,1457
1228011,2023-10-16 00:00:00+00:00,1458
731201,2022-04-06 00:00:00+00:00,1459
731201,2024-01-05 00:00:00+00:00,1460
1137376,2023-04-04 00:00:00+00:00,1461
731201,2021-11-09 00:00:00+00:00,1462
190821,2024-01-24 00:00:00+00:00,1463
661091,2023-03-15 00:00:00+00:00,1464
661091,2023-04-07 00:00:00+00:00,1465
1137376,2023-02-15 00:00:00+00:00,1466
1137376,2023-10-05 00:00:00+00:00,1467
1137376,2022-12-25 00:00:00+00:00,1468
1078861,2023-03-10 00:00:00+00:00,1469
114671,2022-04-21 00:00:00+00:00,1470
661091,2023-02-02 00:00:00+00:00,1471
1228011,2023-01-23 00:00:00+00:00,1472
114671,2023-08-09 00:00:00+00:00,1473
114671,2023-03-02 00:00:00+00:00,1474
1228011,2023-07-12 00:00:00+00:00,1475
731201,2021-12-20 00:00:00+00:00,1476
731201,2022-06-10 00:00:00+00:00,1477
1078861,2022-10-17 00:00:00+00:00,1478
1137376,2024-01-21 00:00:00+00:00,1479
731201,2022-08-15 00:00:00+00:00,1480
1137376,2021-12-18 00:00:00+00:00,1481
661091,2023-04-16 00:00:00+00:00,1482
190821,2022-11-08 00:00:00+00:00,1483
114671,2022-10-08 00:00:00+00:00,1484
114671,2023-03-30 00:00:00+00:00,1485
120701,2023-04-18 00:00:00+00:00,1486
1137376,2023-04-25 00:00:00+00:00,1487
1137376,2021-05-06 00:00:00+00:00,1488
1191127,2023-05-20 00:00:00+00:00,1489
1137376,2022-12-13 00:00:00+00:00,1490
1137376,2024-01-24 00:00:00+00:00,1491
1228011,2023-01-02 00:00:00+00:00,1492
731201,2021-12-09 00:00:00+00:00,1493
120701,2023-02-11 00:00:00+00:00,1494
731201,2022-05-29 00:00:00+00:00,1495
120701,2023-12-03 00:00:00+00:00,1496
190821,2023-08-27 00:00:00+00:00,1497
1137376,2021-01-20 00:00:00+00:00,1498
661091,2024-01-14 00:00:00+00:00,1499
190821,2022-10-22 00:00:00+00:00,1500
1137376,2022-04-26 00:00:00+00:00,1501
114671,2022-03-31 00:00:00+00:00,1502
1137376,2023-05-03 00:00:00+00:00,1503
731201,2022-04-29 00:00:00+00:00,1504
114671,2022-09-23 00:00:00+00:00,1505
120701,2022-12-15 00:00:00+00:00,1506
114671,2023-10-09 00:00:00+00:00,1507
1191127,2023-11-01 00:00:00+00:00,1508
1137376,2023-01-16 00:00:00+00:00,1509
1137376,2023-09-26 00:00:00+00:00,1510
190821,2023-02-20 00:00:00+00:00,1511
731201,2023-11-18 00:00:00+00:00,1512
1137376,2022-01-25 00:00:00+00:00,1513
1228011,2023-02-06 00:00:00+00:00,1514
190821,2021-05-12 00:00:00+00:00,1515
731201,2022-04-25 00:00:00+00:00,1516
1137376,2022-03-29 00:00:00+00:00,1517
1137376,2022-12-30 00:00:00+00:00,1518
1137376,2023-08-18 00:00:00+00:00,1519
190821,2022-12-22 00:00:00+00:00,1520
1137376,2021-09-02 00:00:00+00:00,1521
731201,2023-10-28 00:00:00+00:00,1522
114671,2022-05-06 00:00:00+00:00,1523
114671,2023-03-04 00:00:00+00:00,1524
190821,2021-04-10 00:00:00+00:00,1525
1137376,2021-05-17 00:00:00+00:00,1526
190821,2021-05-27 00:00:00+00:00,1527
1137376,2021-09-24 00:00:00+00:00,1528
731201,2023-07-08 00:00:00+00:00,1529
190821,2021-12-28 00:00:00+00:00,1530
731201,2023-08-13 00:00:00+00:00,1531
1228011,2022-04-30 00:00:00+00:00,1532
1137376,2023-09-13 00:00:00+00:00,1533
120701,2022-12-01 00:00:00+00:00,1534
1078861,2023-05-06 00:00:00+00:00,1535
1078861,2022-03-18 00:00:00+00:00,1536
120701,2023-02-28 00:00:00+00:00,1537
114671,2022-09-30 00:00:00+00:00,1538
1137376,2023-12-24 00:00:00+00:00,1539
114671,2022-05-27 00:00:00+00:00,1540
1137376,2023-05-27 00:00:00+00:00,1541
190821,2023-03-12 00:00:00+00:00,1542
120701,2022-12-25 00:00:00+00:00,1543
114671,2023-05-01 00:00:00+00:00,1544
120701,2023-09-27 00:00:00+00:00,1545
1191127,2023-09-26 00:00:00+00:00,1546
731201,2022-02-21 00:00:00+00:00,1547
114671,2022-10-20 00:00:00+00:00,1548
1228011,2022-06-05 00:00:00+00:00,1549
114671,2022-12-22 00:00:00+00:00,1550
114671,2022-04-16 00:00:00+00:00,1551
1228011,2023-01-09 00:00:00+00:00,1552
1137376,2022-08-24 00:00:00+00:00,1553
731201,2023-12-23 00:00:00+00:00,1554
1228011,2023-09-07 00:00:00+00:00,1555
114671,2022-06-25 00:00:00+00:00,1556
661091,2023-05-25 00:00:00+00:00,1557
731201,2024-01-16 00:00:00+00:00,1558
661091,2023-03-08 00:00:00+00:00,1559
120701,2024-01-19 00:00:00+00:00,1560
190821,2023-11-29 00:00:00+00:00,1561
1137376,2021-04-08 00:00:00+00:00,1562
731201,2022-03-05 00:00:00+00:00,1563
1137376,2021-01-28 00:00:00+00:00,1564
1137376,2021-05-01 00:00:00+00:00,1565
1137376,2021-12-07 00:00:00+00:00,1566
1137376,2021-11-04 00:00:00+00:00,1567
190821,2023-05-15 00:00:00+00:00,1568
120701,2023-03-26 00:00:00+00:00,1569
1137376,2023-05-01 00:00:00+00:00,1570
120701,2022-12-24 00:00:00+00:00,1571
114671,2022-03-21 00:00:00+00:00,1572
114671,2022-05-14 00:00:00+00:00,1573
661091,2022-12-13 00:00:00+00:00,1574
1137376,2022-12-27 00:00:00+00:00,1575
1228011,2022-05-29 00:00:00+00:00,1576
114671,2023-09-24 00:00:00+00:00,1577
661091,2022-09-30 00:00:00+00:00,1578
1078861,2022-08-10 00:00:00+00:00,1579
1137376,2021-04-11 00:00:00+00:00,1580
114671,2023-02-18 00:00:00+00:00,1581
731201,2023-12-29 00:00:00+00:00,1582
120701,2023-11-06 00:00:00+00:00,1583
1228011,2022-05-04 00:00:00+00:00,1584
1228011,2022-07-15 00:00:00+00:00,1585
1191127,2023-10-05 00:00:00+00:00,1586
190821,2021-10-16 00:00:00+00:00,1587
120701,2023-12-25 00:00:00+00:00,1588
190821,2023-02-26 00:00:00+00:00,1589
731201,2023-10-02 00:00:00+00:00,1590
1137376,2022-05-27 00:00:00+00:00,1591
1191127,2023-08-31 00:00:00+00:00,1592
1137376,2021-02-14 00:00:00+00:00,1593
120701,2023-09-06 00:00:00+00:00,1594
731201,2023-08-05 00:00:00+00:00,1595
1078861,2022-04-01 00:00:00+00:00,1596
190821,2021-09-14 00:00:00+00:00,1597
114671,2023-01-05 00:00:00+00:00,1598
1228011,2023-01-08 00:00:00+00:00,1599
114671,2023-03-01 00:00:00+00:00,1600
1191127,2023-12-25 00:00:00+00:00,1601
1228011,2023-02-04 00:00:00+00:00,1602
1191127,2023-05-21 00:00:00+00:00,1603
114671,2023-02-27 00:00:00+00:00,1604
1137376,2021-06-29 00:00:00+00:00,1605
1078861,2022-10-19 00:00:00+00:00,1606
1137376,2024-01-10 00:00:00+00:00,1607
1137376,2024-01-11 00:00:00+00:00,1608
1137376,2021-08-19 00:00:00+00:00,1609
1137376,2021-11-24 00:00:00+00:00,1610
1078861,2022-07-20 00:00:00+00:00,1611
1228011,2023-01-11 00:00:00+00:00,1612
114671,2023-08-15 00:00:00+00:00,1613
731201,2023-11-28 00:00:00+00:00,1614
731201,2023-12-31 00:00:00+00:00,1615
661091,2024-01-23 00:00:00+00:00,1616
1191127,2023-06-29 00:00:00+00:00,1617
114671,2022-12-19 00:00:00+00:00,1618
114671,2023-02-26 00:00:00+00:00,1619
190821,2022-09-27 00:00:00+00:00,1620
731201,2021-11-18 00:00:00+00:00,1621
1137376,2023-01-02 00:00:00+00:00,1622
120701,2023-04-26 00:00:00+00:00,1623
1228011,2022-12-13 00:00:00+00:00,1624
1228011,2023-03-23 00:00:00+00:00,1625
120701,2023-11-19 00:00:00+00:00,1626
1137376,2021-04-14 00:00:00+00:00,1627
1228011,2022-12-11 00:00:00+00:00,1628
114671,2023-01-10 00:00:00+00:00,1629
190821,2021-01-23 00:00:00+00:00,1630
1137376,2022-04-06 00:00:00+00:00,1631
731201,2024-01-20 00:00:00+00:00,1632
114671,2023-08-16 00:00:00+00:00,1633
114671,2022-11-26 00:00:00+00:00,1634
661091,2023-12-05 00:00:00+00:00,1635
1228011,2022-11-01 00:00:00+00:00,1636
1228011,2022-09-21 00:00:00+00:00,1637
190821,2022-10-17 00:00:00+00:00,1638
1137376,2020-11-05 00:00:00+00:00,1639
731201,2022-02-01 00:00:00+00:00,1640
1137376,2021-07-22 00:00:00+00:00,1641
1228011,2022-10-02 00:00:00+00:00,1642
190821,2021-03-25 00:00:00+00:00,1643
114671,2023-03-11 00:00:00+00:00,1644
731201,2023-10-14 00:00:00+00:00,1645
1191127,2023-12-01 00:00:00+00:00,1646
114671,2022-05-08 00:00:00+00:00,1647
731201,2022-04-10 00:00:00+00:00,1648
661091,2024-01-17 00:00:00+00:00,1649
1228011,2023-11-06 00:00:00+00:00,1650
1137376,2021-10-10 00:00:00+00:00,1651
1228011,2022-12-17 00:00:00+00:00,1652
1228011,2023-09-27 00:00:00+00:00,1653
1137376,2023-09-16 00:00:00+00:00,1654
1078861,2022-04-10 00:00:00+00:00,1655
190821,2022-05-05 00:00:00+00:00,1656
114671,2023-02-12 00:00:00+00:00,1657
731201,2022-02-12 00:00:00+00:00,1658
661091,2022-10-03 00:00:00+00:00,1659
1137376,2023-05-17 00:00:00+00:00,1660
1078861,2023-05-21 00:00:00+00:00,1661
190821,2021-04-08 00:00:00+00:00,1662
731201,2021-12-25 00:00:00+00:00,1663
190821,2023-04-06 00:00:00+00:00,1664
1078861,2022-06-14 00:00:00+00:00,1665
1228011,2022-05-01 00:00:00+00:00,1666
1137376,2023-04-01 00:00:00+00:00,1667
731201,2021-11-22 00:00:00+00:00,1668
1228011,2022-12-09 00:00:00+00:00,1669
1137376,2022-11-02 00:00:00+00:00,1670
1191127,2023-10-08 00:00:00+00:00,1671
1137376,2022-01-07 00:00:00+00:00,1672
1137376,2021-03-11 00:00:00+00:00,1673
661091,2022-11-23 00:00:00+00:00,1674
731201,2022-05-28 00:00:00+00:00,1675
1137376,2020-12-12 00:00:00+00:00,1676
1191127,2024-01-01 00:00:00+00:00,1677
114671,2023-04-01 00:00:00+00:00,1678
731201,2022-07-19 00:00:00+00:00,1679
114671,2023-05-13 00:00:00+00:00,1680
114671,2022-09-02 00:00:00+00:00,1681
114671,2022-04-04 00:00:00+00:00,1682
1191127,2023-10-06 00:00:00+00:00,1683
1137376,2022-12-07 00:00:00+00:00,1684
1137376,2021-09-26 00:00:00+00:00,1685
1228011,2022-10-06 00:00:00+00:00,1686
1137376,2021-03-29 00:00:00+00:00,1687
1137376,2021-09-05 00:00:00+00:00,1688
661091,2023-01-30 00:00:00+00:00,1689
1137376,2021-03-05 00:00:00+00:00,1690
190821,2021-02-15 00:00:00+00:00,1691
190821,2023-12-06 00:00:00+00:00,1692
1078861,2023-07-12 00:00:00+00:00,1693
1078861,2022-09-20 00:00:00+00:00,1694
731201,2023-12-03 00:00:00+00:00,1695
661091,2023-04-26 00:00:00+00:00,1696
190821,2023-11-20 00:00:00+00:00,1697
1228011,2022-06-28 00:00:00+00:00,1698
1078861,2022-04-04 00:00:00+00:00,1699
1137376,2023-08-02 00:00:00+00:00,1700
1191127,2023-10-11 00:00:00+00:00,1701
1228011,2022-10-16 00:00:00+00:00,1702
120701,2023-11-28 00:00:00+00:00,1703
661091,2023-10-23 00:00:00+00:00,1704
190821,2021-09-15 00:00:00+00:00,1705
661091,2022-08-26 00:00:00+00:00,1706
661091,2023-11-01 00:00:00+00:00,1707
1228011,2023-07-03 00:00:00+00:00,1708
1078861,2022-03-19 00:00:00+00:00,1709
1228011,2023-01-16 00:00:00+00:00,1710
190821,2021-09-27 00:00:00+00:00,1711
190821,2021-07-05 00:00:00+00:00,1712
190821,2023-02-05 00:00:00+00:00,1713
661091,2022-11-27 00:00:00+00:00,1714
1228011,2022-10-26 00:00:00+00:00,1715
120701,2024-01-12 00:00:00+00:00,1716
120701,2023-05-13 00:00:00+00:00,1717
661091,2023-05-26 00:00:00+00:00,1718
114671,2022-04-05 00:00:00+00:00,1719
114671,2022-12-10 00:00:00+00:00,1720
1137376,2021-03-01 00:00:00+00:00,1721
120701,2023-04-21 00:00:00+00:00,1722
1078861,2023-03-11 00:00:00+00:00,1723
120701,2023-01-29 00:00:00+00:00,1724
1137376,2024-01-30 00:00:00+00:00,1725
120701,2023-02-02 00:00:00+00:00,1726
731201,2023-08-07 00:00:00+00:00,1727
661091,2023-01-16 00:00:00+00:00,1728
1137376,2021-01-03 00:00:00+00:00,1729
1078861,2022-09-16 00:00:00+00:00,1730
1137376,2023-12-03 00:00:00+00:00,1731
114671,2022-09-20 00:00:00+00:00,1732
114671,2022-08-26 00:00:00+00:00,1733
1228011,2023-01-13 00:00:00+00:00,1734
1137376,2023-06-21 00:00:00+00:00,1735
1137376,2021-09-27 00:00:00+00:00,1736
1228011,2022-11-16 00:00:00+00:00,1737
731201,2022-04-08 00:00:00+00:00,1738
1228011,2022-09-29 00:00:00+00:00,1739
190821,2021-07-13 00:00:00+00:00,1740
114671,2023-05-15 00:00:00+00:00,1741
661091,2023-01-23 00:00:00+00:00,1742
190821,2023-05-19 00:00:00+00:00,1743
1137376,2021-01-30 00:00:00+00:00,1744
190821,2021-01-10 00:00:00+00:00,1745
1191127,2023-05-23 00:00:00+00:00,1746
1078861,2022-09-12 00:00:00+00:00,1747
1137376,2021-01-25 00:00:00+00:00,1748
661091,2024-01-13 00:00:00+00:00,1749
1228011,2023-01-31 00:00:00+00:00,1750
1137376,2022-10-06 00:00:00+00:00,1751
661091,2023-01-02 00:00:00+00:00,1752
1137376,2022-10-23 00:00:00+00:00,1753
1078861,2022-04-09 00:00:00+00:00,1754
1137376,2020-12-04 00:00:00+00:00,1755
114671,2022-11-19 00:00:00+00:00,1756
1137376,2021-12-29 00:00:00+00:00,1757
114671,2022-05-05 00:00:00+00:00,1758
114671,2023-09-02 00:00:00+00:00,1759
120701,2023-03-04 00:00:00+00:00,1760
120701,2023-04-05 00:00:00+00:00,1761
114671,2023-03-16 00:00:00+00:00,1762
114671,2022-07-03 00:00:00+00:00,1763
114671,2023-01-09 00:00:00+00:00,1764
1137376,2023-06-23 00:00:00+00:00,1765
1137376,2022-12-22 00:00:00+00:00,1766
114671,2023-07-25 00:00:00+00:00,1767
114671,2022-05-21 00:00:00+00:00,1768
1078861,2022-10-10 00:00:00+00:00,1769
1137376,2021-03-18 00:00:00+00:00,1770
1137376,2022-09-30 00:00:00+00:00,1771
731201,2021-12-08 00:00:00+00:00,1772
731201,2023-11-21 00:00:00+00:00,1773
731201,2021-11-19 00:00:00+00:00,1774
114671,2023-08-06 00:00:00+00:00,1775
1228011,2022-12-22 00:00:00+00:00,1776
661091,2023-04-06 00:00:00+00:00,1777
114671,2023-01-06 00:00:00+00:00,1778
120701,2023-10-06 00:00:00+00:00,1779
114671,2023-10-02 00:00:00+00:00,1780
731201,2021-12-17 00:00:00+00:00,1781
1228011,2022-06-20 00:00:00+00:00,1782
1137376,2021-05-18 00:00:00+00:00,1783
190821,2021-08-20 00:00:00+00:00,1784
1191127,2023-10-25 00:00:00+00:00,1785
114671,2023-04-30 00:00:00+00:00,1786
114671,2023-01-12 00:00:00+00:00,1787
190821,2023-04-23 00:00:00+00:00,1788
114671,2023-04-04 00:00:00+00:00,1789
120701,2023-05-05 00:00:00+00:00,1790
190821,2022-03-25 00:00:00+00:00,1791
190821,2022-12-03 00:00:00+00:00,1792
731201,2021-12-13 00:00:00+00:00,1793
1137376,2022-11-17 00:00:00+00:00,1794
731201,2021-12-23 00:00:00+00:00,1795
1078861,2022-10-14 00:00:00+00:00,1796
1137376,2020-11-28 00:00:00+00:00,1797
114671,2023-05-29 00:00:00+00:00,1798
661091,2023-05-01 00:00:00+00:00,1799
120701,2023-12-14 00:00:00+00:00,1800
120701,2023-10-23 00:00:00+00:00,1801
114671,2023-05-24 00:00:00+00:00,1802
1137376,2021-02-12 00:00:00+00:00,1803
1228011,2022-04-27 00:00:00+00:00,1804
1137376,2022-01-10 00:00:00+00:00,1805
1228011,2023-11-27 00:00:00+00:00,1806
731201,2023-12-07 00:00:00+00:00,1807
1137376,2021-10-25 00:00:00+00:00,1808
731201,2023-11-13 00:00:00+00:00,1809
1078861,2022-05-19 00:00:00+00:00,1810
1137376,2022-12-15 00:00:00+00:00,1811
661091,2023-11-13 00:00:00+00:00,1812
190821,2024-01-14 00:00:00+00:00,1813
731201,2023-12-21 00:00:00+00:00,1814
731201,2021-11-11 00:00:00+00:00,1815
190821,2021-12-30 00:00:00+00:00,1816
190821,2022-12-14 00:00:00+00:00,1817
1228011,2022-06-11 00:00:00+00:00,1818
1137376,2023-12-27 00:00:00+00:00,1819
114671,2023-01-19 00:00:00+00:00,1820
1137376,2022-10-24 00:00:00+00:00,1821
114671,2023-01-18 00:00:00+00:00,1822
661091,2022-05-06 00:00:00+00:00,1823
120701,2023-02-08 00:00:00+00:00,1824
731201,2024-01-28 00:00:00+00:00,1825
1137376,2022-12-12 00:00:00+00:00,1826
114671,2023-04-03 00:00:00+00:00,1827
731201,2022-01-08 00:00:00+00:00,1828
120701,2024-01-27 00:00:00+00:00,1829
120701,2023-10-17 00:00:00+00:00,1830
1137376,2023-10-22 00:00:00+00:00,1831
1078861,2022-10-02 00:00:00+00:00,1832
1137376,2022-04-04 00:00:00+00:00,1833
1137376,2023-04-22 00:00:00+00:00,1834
114671,2022-10-16 00:00:00+00:00,1835
661091,2022-09-07 00:00:00+00:00,1836
1078861,2022-10-09 00:00:00+00:00,1837
1137376,2021-01-26 00:00:00+00:00,1838
190821,2023-11-27 00:00:00+00:00,1839
120701,2022-10-07 00:00:00+00:00,1840
1228011,2023-03-04 00:00:00+00:00,1841
1137376,2022-04-16 00:00:00+00:00,1842
120701,2022-10-13 00:00:00+00:00,1843
1078861,2022-08-15 00:00:00+00:00,1844
114671,2022-12-03 00:00:00+00:00,1845
731201,2024-01-19 00:00:00+00:00,1846
1228011,2023-01-19 00:00:00+00:00,1847
190821,2022-06-16 00:00:00+00:00,1848
1137376,2023-01-12 00:00:00+00:00,1849
661091,2022-10-17 00:00:00+00:00,1850
120701,2023-09-18 00:00:00+00:00,1851
1137376,2021-01-27 00:00:00+00:00,1852
190821,2023-12-02 00:00:00+00:00,1853
120701,2023-09-16 00:00:00+00:00,1854
1137376,2021-09-23 00:00:00+00:00,1855
1078861,2022-08-25 00:00:00+00:00,1856
1228011,2023-08-05 00:00:00+00:00,1857
114671,2022-11-30 00:00:00+00:00,1858
1078861,2023-05-26 00:00:00+00:00,1859
661091,2022-09-13 00:00:00+00:00,1860
1137376,2022-01-20 00:00:00+00:00,1861
190821,2023-08-20 00:00:00+00:00,1862
731201,2023-11-16 00:00:00+00:00,1863
190821,2022-09-29 00:00:00+00:00,1864
190821,2022-03-07 00:00:00+00:00,1865
120701,2022-11-18 00:00:00+00:00,1866
661091,2024-01-21 00:00:00+00:00,1867
1191127,2023-08-29 00:00:00+00:00,1868
1137376,2023-05-19 00:00:00+00:00,1869
731201,2022-04-15 00:00:00+00:00,1870
120701,2023-12-04 00:00:00+00:00,1871
190821,2022-12-11 00:00:00+00:00,1872
731201,2024-01-10 00:00:00+00:00,1873
1191127,2023-05-15 00:00:00+00:00,1874
731201,2022-04-14 00:00:00+00:00,1875
1137376,2022-11-13 00:00:00+00:00,1876
1078861,2022-10-01 00:00:00+00:00,1877
114671,2022-10-28 00:00:00+00:00,1878
1228011,2023-02-07 00:00:00+00:00,1879
1191127,2023-11-05 00:00:00+00:00,1880
1137376,2021-01-11 00:00:00+00:00,1881
1228011,2022-08-15 00:00:00+00:00,1882
114671,2022-05-16 00:00:00+00:00,1883
1191127,2023-05-30 00:00:00+00:00,1884
731201,2023-10-13 00:00:00+00:00,1885
1228011,2023-06-05 00:00:00+00:00,1886
1137376,2023-08-28 00:00:00+00:00,1887
114671,2022-09-17 00:00:00+00:00,1888
1137376,2023-07-09 00:00:00+00:00,1889
1137376,2024-01-20 00:00:00+00:00,1890
731201,2022-03-27 00:00:00+00:00,1891
1137376,2023-02-19 00:00:00+00:00,1892
1137376,2020-12-06 00:00:00+00:00,1893
190821,2020-12-25 00:00:00+00:00,1894
1137376,2022-12-21 00:00:00+00:00,1895
731201,2023-11-24 00:00:00+00:00,1896
114671,2023-03-24 00:00:00+00:00,1897
120701,2022-08-03 00:00:00+00:00,1898
120701,2023-04-25 00:00:00+00:00,1899
661091,2022-08-07 00:00:00+00:00,1900
190821,2022-10-28 00:00:00+00:00,1901
1137376,2021-10-12 00:00:00+00:00,1902
114671,2022-10-10 00:00:00+00:00,1903
731201,2022-01-10 00:00:00+00:00,1904
190821,2022-04-19 00:00:00+00:00,1905
190821,2023-12-07 00:00:00+00:00,1906
1137376,2021-10-03 00:00:00+00:00,1907
190821,2021-02-13 00:00:00+00:00,1908
114671,2023-01-15 00:00:00+00:00,1909
731201,2021-11-16 00:00:00+00:00,1910
661091,2022-12-17 00:00:00+00:00,1911
1137376,2023-03-08 00:00:00+00:00,1912
1137376,2021-10-27 00:00:00+00:00,1913
1137376,2023-04-28 00:00:00+00:00,1914
190821,2022-10-14 00:00:00+00:00,1915
1078861,2022-08-29 00:00:00+00:00,1916
731201,2023-09-02 00:00:00+00:00,1917
1137376,2022-05-08 00:00:00+00:00,1918
1078861,2022-09-29 00:00:00+00:00,1919
1137376,2023-03-11 00:00:00+00:00,1920
1191127,2024-01-11 00:00:00+00:00,1921
1137376,2021-07-18 00:00:00+00:00,1922
1137376,2023-03-20 00:00:00+00:00,1923
190821,2022-11-19 00:00:00+00:00,1924
190821,2022-01-25 00:00:00+00:00,1925
190821,2022-04-20 00:00:00+00:00,1926
114671,2022-11-02 00:00:00+00:00,1927
731201,2022-07-05 00:00:00+00:00,1928
1228011,2022-09-13 00:00:00+00:00,1929
1137376,2021-06-19 00:00:00+00:00,1930
1191127,2023-12-26 00:00:00+00:00,1931
190821,2021-10-17 00:00:00+00:00,1932
1137376,2022-01-04 00:00:00+00:00,1933
1191127,2023-11-20 00:00:00+00:00,1934
1191127,2023-10-04 00:00:00+00:00,1935
120701,2023-03-02 00:00:00+00:00,1936
1078861,2022-04-02 00:00:00+00:00,1937
1191127,2023-09-03 00:00:00+00:00,1938
1137376,2022-11-22 00:00:00+00:00,1939
1137376,2023-12-28 00:00:00+00:00,1940
190821,2022-05-02 00:00:00+00:00,1941
1137376,2020-11-30 00:00:00+00:00,1942
114671,2023-04-26 00:00:00+00:00,1943
190821,2021-09-05 00:00:00+00:00,1944
1078861,2023-08-07 00:00:00+00:00,1945
1078861,2023-05-22 00:00:00+00:00,1946
661091,2023-12-04 00:00:00+00:00,1947
661091,2023-12-12 00:00:00+00:00,1948
1228011,2022-06-06 00:00:00+00:00,1949
120701,2023-04-01 00:00:00+00:00,1950
731201,2021-11-27 00:00:00+00:00,1951
731201,2022-03-20 00:00:00+00:00,1952
731201,2022-05-04 00:00:00+00:00,1953
114671,2022-04-25 00:00:00+00:00,1954
190821,2023-02-15 00:00:00+00:00,1955
1137376,2022-09-28 00:00:00+00:00,1956
1228011,2022-11-28 00:00:00+00:00,1957
1228011,2022-12-23 00:00:00+00:00,1958
114671,2022-03-25 00:00:00+00:00,1959
1137376,2022-05-29 00:00:00+00:00,1960
114671,2023-04-07 00:00:00+00:00,1961
1137376,2022-10-28 00:00:00+00:00,1962
114671,2022-04-02 00:00:00+00:00,1963
120701,2023-11-03 00:00:00+00:00,1964
190821,2021-11-22 00:00:00+00:00,1965
1137376,2023-02-06 00:00:00+00:00,1966
1137376,2023-11-29 00:00:00+00:00,1967
1228011,2022-05-19 00:00:00+00:00,1968
661091,2023-08-08 00:00:00+00:00,1969
731201,2021-11-17 00:00:00+00:00,1970
120701,2023-10-18 00:00:00+00:00,1971
1228011,2022-05-07 00:00:00+00:00,1972
661091,2024-01-26 00:00:00+00:00,1973
1078861,2023-04-29 00:00:00+00:00,1974
731201,2023-12-18 00:00:00+00:00,1975
661091,2023-07-30 00:00:00+00:00,1976
120701,2022-10-05 00:00:00+00:00,1977
1137376,2022-12-31 00:00:00+00:00,1978
731201,2022-06-26 00:00:00+00:00,1979
120701,2023-02-01 00:00:00+00:00,1980
190821,2023-07-05 00:00:00+00:00,1981
1137376,2024-01-16 00:00:00+00:00,1982
190821,2023-10-24 00:00:00+00:00,1983
1137376,2023-01-09 00:00:00+00:00,1984
1228011,2023-02-01 00:00:00+00:00,1985
1137376,2022-10-01 00:00:00+00:00,1986
661091,2023-04-12 00:00:00+00:00,1987
1137376,2021-04-21 00:00:00+00:00,1988
1078861,2022-06-10 00:00:00+00:00,1989
731201,2023-10-03 00:00:00+00:00,1990
114671,2022-12-16 00:00:00+00:00,1991
731201,2023-08-08 00:00:00+00:00,1992
731201,2023-08-31 00:00:00+00:00,1993
1137376,2021-12-04 00:00:00+00:00,1994
1137376,2023-01-08 00:00:00+00:00,1995
1078861,2022-06-05 00:00:00+00:00,1996
731201,2022-03-02 00:00:00+00:00,1997
1078861,2022-08-23 00:00:00+00:00,1998
1078861,2022-09-28 00:00:00+00:00,1999
1228011,2023-04-02 00:00:00+00:00,2000
1228011,2022-10-05 00:00:00+00:00,2001
114671,2023-02-19 00:00:00+00:00,2002
1228011,2023-06-27 00:00:00+00:00,2003
1137376,2021-04-15 00:00:00+00:00,2004
661091,2024-01-18 00:00:00+00:00,2005
1137376,2023-04-20 00:00:00+00:00,2006
731201,2021-12-10 00:00:00+00:00,2007
731201,2022-04-21 00:00:00+00:00,2008
1078861,2023-05-27 00:00:00+00:00,2009
114671,2023-05-18 00:00:00+00:00,2010
731201,2023-12-14 00:00:00+00:00,2011
731201,2022-08-05 00:00:00+00:00,2012
120701,2023-11-08 00:00:00+00:00,2013
1137376,2023-04-06 00:00:00+00:00,2014
114671,2023-01-26 00:00:00+00:00,2015
731201,2021-12-27 00:00:00+00:00,2016
1191127,2023-07-29 00:00:00+00:00,2017
731201,2024-01-17 00:00:00+00:00,2018
190821,2022-12-08 00:00:00+00:00,2019
1228011,2022-07-17 00:00:00+00:00,2020
661091,2023-02-06 00:00:00+00:00,2021
1228011,2022-11-30 00:00:00+00:00,2022
1228011,2023-11-14 00:00:00+00:00,2023
1228011,2023-11-25 00:00:00+00:00,2024
1228011,2022-09-11 00:00:00+00:00,2025
1137376,2021-11-10 00:00:00+00:00,2026
1078861,2022-04-11 00:00:00+00:00,2027
114671,2022-05-03 00:00:00+00:00,2028
190821,2022-03-20 00:00:00+00:00,2029
120701,2022-12-23 00:00:00+00:00,2030
1137376,2020-11-25 00:00:00+00:00,2031
1137376,2023-10-27 00:00:00+00:00,2032
731201,2022-07-12 00:00:00+00:00,2033
731201,2022-04-16 00:00:00+00:00,2034
120701,2022-08-09 00:00:00+00:00,2035
190821,2022-10-10 00:00:00+00:00,2036
120701,2023-12-31 00:00:00+00:00,2037
114671,2023-05-14 00:00:00+00:00,2038
1078861,2023-04-28 00:00:00+00:00,2039
114671,2022-08-19 00:00:00+00:00,2040
1191127,2023-08-21 00:00:00+00:00,2041
190821,2023-06-01 00:00:00+00:00,2042
120701,2023-02-16 00:00:00+00:00,2043
114671,2023-10-01 00:00:00+00:00,2044
731201,2022-03-16 00:00:00+00:00,2045
1137376,2024-01-12 00:00:00+00:00,2046
190821,2023-10-17 00:00:00+00:00,2047
1137376,2020-11-08 00:00:00+00:00,2048
1191127,2023-09-28 00:00:00+00:00,2049
190821,2021-02-23 00:00:00+00:00,2050
661091,2022-12-14 00:00:00+00:00,2051
1137376,2020-11-20 00:00:00+00:00,2052
1137376,2021-05-12 00:00:00+00:00,2053
661091,2023-04-08 00:00:00+00:00,2054
1078861,2023-06-05 00:00:00+00:00,2055
661091,2022-10-10 00:00:00+00:00,2056
114671,2023-04-06 00:00:00+00:00,2057
661091,2022-12-16 00:00:00+00:00,2058
190821,2022-05-29 00:00:00+00:00,2059
661091,2024-01-11 00:00:00+00:00,2060
1137376,2021-04-03 00:00:00+00:00,2061
1191127,2023-09-13 00:00:00+00:00,2062
120701,2023-01-15 00:00:00+00:00,2063
120701,2023-05-11 00:00:00+00:00,2064
731201,2021-11-24 00:00:00+00:00,2065
1137376,2023-03-12 00:00:00+00:00,2066
1137376,2020-12-19 00:00:00+00:00,2067
731201,2021-12-03 00:00:00+00:00,2068
1137376,2021-02-26 00:00:00+00:00,2069
190821,2020-11-05 00:00:00+00:00,2070
1137376,2021-05-26 00:00:00+00:00,2071
120701,2022-12-13 00:00:00+00:00,2072
1137376,2023-02-28 00:00:00+00:00,2073
1137376,2021-01-10 00:00:00+00:00,2074
1191127,2023-12-20 00:00:00+00:00,2075
190821,2021-02-14 00:00:00+00:00,2076
731201,2022-03-28 00:00:00+00:00,2077
190821,2021-02-12 00:00:00+00:00,2078
1137376,2020-12-22 00:00:00+00:00,2079
1228011,2023-10-17 00:00:00+00:00,2080
731201,2023-07-31 00:00:00+00:00,2081
1228011,2022-05-22 00:00:00+00:00,2082
190821,2021-05-15 00:00:00+00:00,2083
190821,2023-09-27 00:00:00+00:00,2084
1228011,2022-08-10 00:00:00+00:00,2085
190821,2024-01-07 00:00:00+00:00,2086
661091,2023-10-15 00:00:00+00:00,2087
1191127,2023-07-01 00:00:00+00:00,2088
731201,2022-03-07 00:00:00+00:00,2089
114671,2022-04-20 00:00:00+00:00,2090
1137376,2021-05-09 00:00:00+00:00,2091
661091,2022-09-16 00:00:00+00:00,2092
661091,2023-12-25 00:00:00+00:00,2093
190821,2022-02-07 00:00:00+00:00,2094
661091,2023-04-20 00:00:00+00:00,2095
1137376,2021-06-15 00:00:00+00:00,2096
1137376,2021-02-13 00:00:00+00:00,2097
661091,2022-12-25 00:00:00+00:00,2098
190821,2023-11-06 00:00:00+00:00,2099
114671,2023-05-09 00:00:00+00:00,2100
1137376,2022-07-20 00:00:00+00:00,2101
1228011,2022-12-07 00:00:00+00:00,2102
1137376,2022-10-03 00:00:00+00:00,2103
1137376,2021-10-07 00:00:00+00:00,2104
661091,2022-06-20 00:00:00+00:00,2105
190821,2020-12-02 00:00:00+00:00,2106
1137376,2021-04-10 00:00:00+00:00,2107
114671,2023-01-31 00:00:00+00:00,2108
1228011,2023-06-26 00:00:00+00:00,2109
114671,2023-09-16 00:00:00+00:00,2110
1078861,2022-04-06 00:00:00+00:00,2111
190821,2021-08-01 00:00:00+00:00,2112
1137376,2022-09-20 00:00:00+00:00,2113
190821,2023-12-16 00:00:00+00:00,2114
190821,2021-11-01 00:00:00+00:00,2115
114671,2022-10-23 00:00:00+00:00,2116
190821,2022-04-07 00:00:00+00:00,2117
1228011,2022-06-02 00:00:00+00:00,2118
190821,2022-01-31 00:00:00+00:00,2119
731201,2023-11-14 00:00:00+00:00,2120
1137376,2023-05-21 00:00:00+00:00,2121
190821,2021-06-20 00:00:00+00:00,2122
114671,2022-10-21 00:00:00+00:00,2123
1137376,2023-06-13 00:00:00+00:00,2124
1228011,2023-05-17 00:00:00+00:00,2125
1137376,2020-11-12 00:00:00+00:00,2126
731201,2023-10-17 00:00:00+00:00,2127
1137376,2022-06-25 00:00:00+00:00,2128
731201,2022-03-19 00:00:00+00:00,2129
1078861,2022-09-19 00:00:00+00:00,2130
1228011,2023-01-30 00:00:00+00:00,2131
1228011,2022-10-11 00:00:00+00:00,2132
1228011,2022-04-29 00:00:00+00:00,2133
1191127,2023-06-24 00:00:00+00:00,2134
190821,2021-10-21 00:00:00+00:00,2135
114671,2023-08-07 00:00:00+00:00,2136
114671,2023-03-31 00:00:00+00:00,2137
190821,2023-02-27 00:00:00+00:00,2138
120701,2023-12-27 00:00:00+00:00,2139
190821,2023-02-04 00:00:00+00:00,2140
661091,2023-10-31 00:00:00+00:00,2141
190821,2021-01-06 00:00:00+00:00,2142
731201,2023-07-30 00:00:00+00:00,2143
190821,2022-10-29 00:00:00+00:00,2144
661091,2023-03-02 00:00:00+00:00,2145
1137376,2023-12-13 00:00:00+00:00,2146
661091,2022-12-04 00:00:00+00:00,2147
190821,2023-01-01 00:00:00+00:00,2148
1137376,2021-09-21 00:00:00+00:00,2149
731201,2022-05-10 00:00:00+00:00,2150
1137376,2023-01-17 00:00:00+00:00,2151
114671,2022-04-09 00:00:00+00:00,2152
731201,2022-06-22 00:00:00+00:00,2153
114671,2022-04-23 00:00:00+00:00,2154
114671,2023-04-20 00:00:00+00:00,2155
190821,2021-10-14 00:00:00+00:00,2156
1191127,2023-09-04 00:00:00+00:00,2157
661091,2022-12-11 00:00:00+00:00,2158
1228011,2023-02-13 00:00:00+00:00,2159
1137376,2023-04-18 00:00:00+00:00,2160
661091,2023-11-07 00:00:00+00:00,2161
190821,2023-01-30 00:00:00+00:00,2162
1078861,2022-05-13 00:00:00+00:00,2163
190821,2022-12-27 00:00:00+00:00,2164
120701,2023-10-10 00:00:00+00:00,2165
120701,2023-02-27 00:00:00+00:00,2166
1137376,2021-12-24 00:00:00+00:00,2167
190821,2020-12-21 00:00:00+00:00,2168
120701,2023-05-09 00:00:00+00:00,2169
190821,2020-12-27 00:00:00+00:00,2170
1191127,2023-06-13 00:00:00+00:00,2171
1137376,2023-12-16 00:00:00+00:00,2172
190821,2022-01-07 00:00:00+00:00,2173
190821,2022-09-12 00:00:00+00:00,2174
1137376,2021-10-30 00:00:00+00:00,2175
190821,2021-05-10 00:00:00+00:00,2176
661091,2023-05-19 00:00:00+00:00,2177
1191127,2023-10-09 00:00:00+00:00,2178
190821,2021-07-27 00:00:00+00:00,2179
1228011,2022-11-26 00:00:00+00:00,2180
120701,2023-10-16 00:00:00+00:00,2181
731201,2022-02-17 00:00:00+00:00,2182
731201,2023-07-15 00:00:00+00:00,2183
190821,2022-01-27 00:00:00+00:00,2184
661091,2022-04-17 00:00:00+00:00,2185
1078861,2022-03-16 00:00:00+00:00,2186
1191127,2023-10-22 00:00:00+00:00,2187
1228011,2023-05-09 00:00:00+00:00,2188
1137376,2023-03-23 00:00:00+00:00,2189
1137376,2022-10-26 00:00:00+00:00,2190
731201,2024-01-08 00:00:00+00:00,2191
661091,2023-08-28 00:00:00+00:00,2192
1078861,2022-04-17 00:00:00+00:00,2193
120701,2023-10-11 00:00:00+00:00,2194
731201,2022-07-04 00:00:00+00:00,2195
1137376,2023-04-29 00:00:00+00:00,2196
661091,2023-10-03 00:00:00+00:00,2197
120701,2023-04-20 00:00:00+00:00,2198
1137376,2022-12-24 00:00:00+00:00,2199
114671,2023-05-12 00:00:00+00:00,2200
1137376,2021-04-13 00:00:00+00:00,2201
114671,2023-10-16 00:00:00+00:00,2202
1137376,2022-04-29 00:00:00+00:00,2203
190821,2024-01-08 00:00:00+00:00,2204
190821,2023-10-26 00:00:00+00:00,2205
190821,2023-12-08 00:00:00+00:00,2206
1137376,2021-11-23 00:00:00+00:00,2207
661091,2023-09-25 00:00:00+00:00,2208
1137376,2023-01-24 00:00:00+00:00,2209
120701,2023-03-11 00:00:00+00:00,2210
114671,2022-04-13 00:00:00+00:00,2211
661091,2022-11-29 00:00:00+00:00,2212
114671,2022-11-09 00:00:00+00:00,2213
1228011,2022-11-27 00:00:00+00:00,2214
114671,2022-10-11 00:00:00+00:00,2215
1228011,2023-10-02 00:00:00+00:00,2216
190821,2023-09-30 00:00:00+00:00,2217
661091,2022-09-29 00:00:00+00:00,2218
1137376,2022-12-11 00:00:00+00:00,2219
114671,2023-05-22 00:00:00+00:00,2220
1078861,2022-09-26 00:00:00+00:00,2221
1137376,2021-12-27 00:00:00+00:00,2222
1137376,2023-10-23 00:00:00+00:00,2223
1191127,2023-12-06 00:00:00+00:00,2224
1137376,2022-05-16 00:00:00+00:00,2225
1137376,2023-01-18 00:00:00+00:00,2226
1137376,2021-07-04 00:00:00+00:00,2227
1137376,2023-12-01 00:00:00+00:00,2228
1137376,2022-12-05 00:00:00+00:00,2229
661091,2022-06-10 00:00:00+00:00,2230
661091,2023-08-27 00:00:00+00:00,2231
1228011,2022-09-17 00:00:00+00:00,2232
120701,2023-09-25 00:00:00+00:00,2233
120701,2022-11-25 00:00:00+00:00,2234
1191127,2023-07-31 00:00:00+00:00,2235
1137376,2021-07-10 00:00:00+00:00,2236
190821,2022-01-06 00:00:00+00:00,2237
1228011,2022-11-17 00:00:00+00:00,2238
114671,2022-12-13 00:00:00+00:00,2239
120701,2023-09-15 00:00:00+00:00,2240
114671,2023-04-25 00:00:00+00:00,2241
661091,2023-11-17 00:00:00+00:00,2242
661091,2023-11-09 00:00:00+00:00,2243
731201,2022-06-02 00:00:00+00:00,2244
1137376,2022-01-24 00:00:00+00:00,2245
1191127,2023-09-16 00:00:00+00:00,2246
190821,2023-11-22 00:00:00+00:00,2247
1191127,2023-10-17 00:00:00+00:00,2248
1137376,2021-10-14 00:00:00+00:00,2249
1228011,2023-12-01 00:00:00+00:00,2250
1137376,2020-12-20 00:00:00+00:00,2251
1191127,2023-10-24 00:00:00+00:00,2252
1137376,2022-12-29 00:00:00+00:00,2253
120701,2022-11-30 00:00:00+00:00,2254
